{"EventName":"StartSession","TimestampUTC":1729082641.158000,"RecordId":0,"ProjectName":"DoorsResourcePack","ProjectID":"00000000000000000000000000000000","Session_ID":"{996CE30F-4CF7-47A6-4D01-C3AC3C246044}","Session_Label":"","Session_StartUTC":1729082641.158,"Build_Configuration":"Development","Build_IsInternalBuild":false,"Build_IsPerforceBuild":false,"Build_IsPromotedBuild":true,"Build_BranchName":"++ue5+release-5.4","Build_Changelist":35576357,"Hardware_Platform":"Windows","Hardware_GPU":"","Hardware_CPU":"11th Gen Intel(R) Core(TM) i5-11400F @ 2.60GHz","Hardware_CPU_Cores_Physical":6,"Hardware_CPU_Cores_Logical":12,"Hardware_RAM":34205995008,"Hardware_ComputerName":"DESKTOP-VUFMNFR","Config_IsEditor":true,"Config_IsUnattended":false,"Config_IsBuildMachine":false,"Config_IsRunningCommandlet":false,"Config_IsDebuggerPresent":false}
{"EventName":"Editor.AssetRegistry.Startup","TimestampUTC":1729082645.659000,"RecordId":1,"ProjectName":"DoorsResourcePack","ProjectID":"00000000000000000000000000000000","Session_ID":"{996CE30F-4CF7-47A6-4D01-C3AC3C246044}","Session_Label":"","Session_StartUTC":1729082641.158,"Build_Configuration":"Development","Build_IsInternalBuild":false,"Build_IsPerforceBuild":false,"Build_IsPromotedBuild":true,"Build_BranchName":"++ue5+release-5.4","Build_Changelist":35576357,"Hardware_Platform":"Windows","Hardware_GPU":"","Hardware_CPU":"11th Gen Intel(R) Core(TM) i5-11400F @ 2.60GHz","Hardware_CPU_Cores_Physical":6,"Hardware_CPU_Cores_Logical":12,"Hardware_RAM":34205995008,"Hardware_ComputerName":"DESKTOP-VUFMNFR","Config_IsEditor":true,"Config_IsUnattended":false,"Config_IsBuildMachine":false,"Config_IsRunningCommandlet":false,"Config_IsDebuggerPresent":false,"SchemaVersion":1,"Duration":0.002078,"StartedAsyncGather":true}
{"EventName":"Span","TimestampUTC":1729082650.664000,"RecordId":2,"ProjectName":"DoorsResourcePack","ProjectID":"00000000000000000000000000000000","Session_ID":"{996CE30F-4CF7-47A6-4D01-C3AC3C246044}","Session_Label":"","Session_StartUTC":1729082641.158,"Build_Configuration":"Development","Build_IsInternalBuild":false,"Build_IsPerforceBuild":false,"Build_IsPromotedBuild":true,"Build_BranchName":"++ue5+release-5.4","Build_Changelist":35576357,"Hardware_Platform":"Windows","Hardware_GPU":"","Hardware_CPU":"11th Gen Intel(R) Core(TM) i5-11400F @ 2.60GHz","Hardware_CPU_Cores_Physical":6,"Hardware_CPU_Cores_Logical":12,"Hardware_RAM":34205995008,"Hardware_ComputerName":"DESKTOP-VUFMNFR","Config_IsEditor":true,"Config_IsUnattended":false,"Config_IsBuildMachine":false,"Config_IsRunningCommandlet":false,"Config_IsDebuggerPresent":false,"MapName":"None","SchemaVersion":1,"Span_Name":"Editor.Boot","Span_GUID":"0A3E4CA746D167C5982368ABF49D60A4","Span_ParentName":"Editor","Span_ThreadId":19052,"Span_Depth":2,"Span_StartUTC":1729082641.161,"Span_EndUTC":1729082650.664,"Span_TimeInSec":9.503}
{"EventName":"Core.Loading","TimestampUTC":1729082650.668000,"RecordId":3,"ProjectName":"DoorsResourcePack","ProjectID":"00000000000000000000000000000000","Session_ID":"{996CE30F-4CF7-47A6-4D01-C3AC3C246044}","Session_Label":"","Session_StartUTC":1729082641.158,"Build_Configuration":"Development","Build_IsInternalBuild":false,"Build_IsPerforceBuild":false,"Build_IsPromotedBuild":true,"Build_BranchName":"++ue5+release-5.4","Build_Changelist":35576357,"Hardware_Platform":"Windows","Hardware_GPU":"","Hardware_CPU":"11th Gen Intel(R) Core(TM) i5-11400F @ 2.60GHz","Hardware_CPU_Cores_Physical":6,"Hardware_CPU_Cores_Logical":12,"Hardware_RAM":34205995008,"Hardware_ComputerName":"DESKTOP-VUFMNFR","Config_IsEditor":true,"Config_IsUnattended":false,"Config_IsBuildMachine":false,"Config_IsRunningCommandlet":false,"Config_IsDebuggerPresent":false,"MapName":"None","SchemaVersion":3,"LoadingName":"BootEditor","LoadingSeconds":9.503,"DDC_Summary_BackEnd":"InstalledDerivedDataBackendGraph","DDC_Summary_HasLocalCache":"true","DDC_Summary_HasSharedCache":"false","DDC_Summary_HasCloudCache":"false","DDC_Summary_HasZenCache":"true","DDC_Summary_TotalGetHits":923.0,"DDC_Summary_TotalGetMisses":109.0,"DDC_Summary_TotalGets":1032.0,"DDC_Summary_TotalGetHitPct":0.89438,"DDC_Summary_GetMissPct":0.10562,"DDC_Summary_TotalPutHits":104.0,"DDC_Summary_TotalPutMisses":0.0,"DDC_Summary_TotalPuts":104.0,"DDC_Summary_TotalPutHitPct":1.0,"DDC_Summary_PutMissPct":0.0,"DDC_Summary_LocalGetHits":0.0,"DDC_Summary_LocalGetTotal":0.0,"DDC_Summary_LocalGetHitPct":0.0,"DDC_Summary_SharedGetHits":0.0,"DDC_Summary_SharedGetTotal":0.0,"DDC_Summary_SharedGetHitPct":0.0,"DDC_Summary_ZenLocalGetHits":610.0,"DDC_Summary_ZenLocalGetTotal":719.0,"DDC_Summary_ZenLocalGetHitPct":0.848401,"DDC_Summary_ZenRemoteGetHits":0.0,"DDC_Summary_ZenRemoteGetTotal":0.0,"DDC_Summary_ZenRemoteGetHitPct":0.0,"DDC_Summary_CloudGetHits":0.0,"DDC_Summary_CloudGetTotal":0.0,"DDC_Summary_CloudGetHitPct":0.0,"DDC_Summary_LocalLatency":0.0,"DDC_Summary_LocalReadSpeed":0.0,"DDC_Summary_LocalWriteSpeed":0.0,"DDC_Summary_SharedLatency":0.0,"DDC_Summary_SharedReadSpeed":0.0,"DDC_Summary_SharedWriteSpeed":0.0,"DDC_Summary_CloudLatency":0.0,"DDC_Summary_CloudReadSpeed":0.0,"DDC_Summary_CloudWriteSpeed":0.0}
{"EventName":"Core.DDC.Resource","TimestampUTC":1729082650.670000,"RecordId":4,"ProjectName":"DoorsResourcePack","ProjectID":"00000000000000000000000000000000","Session_ID":"{996CE30F-4CF7-47A6-4D01-C3AC3C246044}","Session_Label":"","Session_StartUTC":1729082641.158,"Build_Configuration":"Development","Build_IsInternalBuild":false,"Build_IsPerforceBuild":false,"Build_IsPromotedBuild":true,"Build_BranchName":"++ue5+release-5.4","Build_Changelist":35576357,"Hardware_Platform":"Windows","Hardware_GPU":"","Hardware_CPU":"11th Gen Intel(R) Core(TM) i5-11400F @ 2.60GHz","Hardware_CPU_Cores_Physical":6,"Hardware_CPU_Cores_Logical":12,"Hardware_RAM":34205995008,"Hardware_ComputerName":"DESKTOP-VUFMNFR","Config_IsEditor":true,"Config_IsUnattended":false,"Config_IsBuildMachine":false,"Config_IsRunningCommandlet":false,"Config_IsDebuggerPresent":false,"MapName":"None","SchemaVersion":3,"LoadingName":"BootEditor","AssetType":"Texture (Inline)","Load_Count":98,"Load_TimeSec":0.019019,"Load_SizeMB":52.432806,"Build_Count":0,"Build_TimeSec":0.0,"Build_SizeMB":0.0,"Total_Count":98,"Total_TimeSec":0.019019,"Total_SizeMB":52,"Efficiency":1.0,"Thread_TimeSec":0.019019}
{"EventName":"Core.DDC.Resource","TimestampUTC":1729082650.672000,"RecordId":5,"ProjectName":"DoorsResourcePack","ProjectID":"00000000000000000000000000000000","Session_ID":"{996CE30F-4CF7-47A6-4D01-C3AC3C246044}","Session_Label":"","Session_StartUTC":1729082641.158,"Build_Configuration":"Development","Build_IsInternalBuild":false,"Build_IsPerforceBuild":false,"Build_IsPromotedBuild":true,"Build_BranchName":"++ue5+release-5.4","Build_Changelist":35576357,"Hardware_Platform":"Windows","Hardware_GPU":"","Hardware_CPU":"11th Gen Intel(R) Core(TM) i5-11400F @ 2.60GHz","Hardware_CPU_Cores_Physical":6,"Hardware_CPU_Cores_Logical":12,"Hardware_RAM":34205995008,"Hardware_ComputerName":"DESKTOP-VUFMNFR","Config_IsEditor":true,"Config_IsUnattended":false,"Config_IsBuildMachine":false,"Config_IsRunningCommandlet":false,"Config_IsDebuggerPresent":false,"MapName":"None","SchemaVersion":3,"LoadingName":"BootEditor","AssetType":"Texture (Streaming)","Load_Count":30,"Load_TimeSec":0.005191,"Load_SizeMB":8.521484,"Build_Count":0,"Build_TimeSec":0.0,"Build_SizeMB":0.0,"Total_Count":30,"Total_TimeSec":0.005191,"Total_SizeMB":8,"Efficiency":1.0,"Thread_TimeSec":0.005191}
{"EventName":"Core.DDC.Resource","TimestampUTC":1729082650.674000,"RecordId":6,"ProjectName":"DoorsResourcePack","ProjectID":"00000000000000000000000000000000","Session_ID":"{996CE30F-4CF7-47A6-4D01-C3AC3C246044}","Session_Label":"","Session_StartUTC":1729082641.158,"Build_Configuration":"Development","Build_IsInternalBuild":false,"Build_IsPerforceBuild":false,"Build_IsPromotedBuild":true,"Build_BranchName":"++ue5+release-5.4","Build_Changelist":35576357,"Hardware_Platform":"Windows","Hardware_GPU":"","Hardware_CPU":"11th Gen Intel(R) Core(TM) i5-11400F @ 2.60GHz","Hardware_CPU_Cores_Physical":6,"Hardware_CPU_Cores_Logical":12,"Hardware_RAM":34205995008,"Hardware_ComputerName":"DESKTOP-VUFMNFR","Config_IsEditor":true,"Config_IsUnattended":false,"Config_IsBuildMachine":false,"Config_IsRunningCommandlet":false,"Config_IsDebuggerPresent":false,"MapName":"None","SchemaVersion":3,"LoadingName":"BootEditor","AssetType":"StaticMesh","Load_Count":35,"Load_TimeSec":0.013276,"Load_SizeMB":4.230455,"Build_Count":0,"Build_TimeSec":0.0,"Build_SizeMB":0.0,"Total_Count":35,"Total_TimeSec":0.013276,"Total_SizeMB":4,"Efficiency":1.0,"Thread_TimeSec":0.012123}
{"EventName":"Core.DDC.Resource","TimestampUTC":1729082650.676000,"RecordId":7,"ProjectName":"DoorsResourcePack","ProjectID":"00000000000000000000000000000000","Session_ID":"{996CE30F-4CF7-47A6-4D01-C3AC3C246044}","Session_Label":"","Session_StartUTC":1729082641.158,"Build_Configuration":"Development","Build_IsInternalBuild":false,"Build_IsPerforceBuild":false,"Build_IsPromotedBuild":true,"Build_BranchName":"++ue5+release-5.4","Build_Changelist":35576357,"Hardware_Platform":"Windows","Hardware_GPU":"","Hardware_CPU":"11th Gen Intel(R) Core(TM) i5-11400F @ 2.60GHz","Hardware_CPU_Cores_Physical":6,"Hardware_CPU_Cores_Logical":12,"Hardware_RAM":34205995008,"Hardware_ComputerName":"DESKTOP-VUFMNFR","Config_IsEditor":true,"Config_IsUnattended":false,"Config_IsBuildMachine":false,"Config_IsRunningCommandlet":false,"Config_IsDebuggerPresent":false,"MapName":"None","SchemaVersion":3,"LoadingName":"BootEditor","AssetType":"GlobalShader","Load_Count":395,"Load_TimeSec":0.078196,"Load_SizeMB":125.371522,"Build_Count":0,"Build_TimeSec":0.0,"Build_SizeMB":0.0,"Total_Count":395,"Total_TimeSec":0.078196,"Total_SizeMB":125,"Efficiency":1.0,"Thread_TimeSec":0.078196}
{"EventName":"Core.DDC.Resource","TimestampUTC":1729082650.679000,"RecordId":8,"ProjectName":"DoorsResourcePack","ProjectID":"00000000000000000000000000000000","Session_ID":"{996CE30F-4CF7-47A6-4D01-C3AC3C246044}","Session_Label":"","Session_StartUTC":1729082641.158,"Build_Configuration":"Development","Build_IsInternalBuild":false,"Build_IsPerforceBuild":false,"Build_IsPromotedBuild":true,"Build_BranchName":"++ue5+release-5.4","Build_Changelist":35576357,"Hardware_Platform":"Windows","Hardware_GPU":"","Hardware_CPU":"11th Gen Intel(R) Core(TM) i5-11400F @ 2.60GHz","Hardware_CPU_Cores_Physical":6,"Hardware_CPU_Cores_Logical":12,"Hardware_RAM":34205995008,"Hardware_ComputerName":"DESKTOP-VUFMNFR","Config_IsEditor":true,"Config_IsUnattended":false,"Config_IsBuildMachine":false,"Config_IsRunningCommandlet":false,"Config_IsDebuggerPresent":false,"MapName":"None","SchemaVersion":3,"LoadingName":"BootEditor","AssetType":"BodySetup","Load_Count":1,"Load_TimeSec":0.002724,"Load_SizeMB":1.456863,"Build_Count":0,"Build_TimeSec":0.0,"Build_SizeMB":0.0,"Total_Count":1,"Total_TimeSec":0.002724,"Total_SizeMB":1,"Efficiency":1.0,"Thread_TimeSec":0.002724}
{"EventName":"Core.DDC.Resource","TimestampUTC":1729082650.680000,"RecordId":9,"ProjectName":"DoorsResourcePack","ProjectID":"00000000000000000000000000000000","Session_ID":"{996CE30F-4CF7-47A6-4D01-C3AC3C246044}","Session_Label":"","Session_StartUTC":1729082641.158,"Build_Configuration":"Development","Build_IsInternalBuild":false,"Build_IsPerforceBuild":false,"Build_IsPromotedBuild":true,"Build_BranchName":"++ue5+release-5.4","Build_Changelist":35576357,"Hardware_Platform":"Windows","Hardware_GPU":"","Hardware_CPU":"11th Gen Intel(R) Core(TM) i5-11400F @ 2.60GHz","Hardware_CPU_Cores_Physical":6,"Hardware_CPU_Cores_Logical":12,"Hardware_RAM":34205995008,"Hardware_ComputerName":"DESKTOP-VUFMNFR","Config_IsEditor":true,"Config_IsUnattended":false,"Config_IsBuildMachine":false,"Config_IsRunningCommandlet":false,"Config_IsDebuggerPresent":false,"MapName":"None","SchemaVersion":3,"LoadingName":"BootEditor","AssetType":"CardRepresentation","Load_Count":35,"Load_TimeSec":0.003852,"Load_SizeMB":0.009989,"Build_Count":0,"Build_TimeSec":0.0,"Build_SizeMB":0.0,"Total_Count":35,"Total_TimeSec":0.003852,"Total_SizeMB":0,"Efficiency":1.0,"Thread_TimeSec":0.003642}
{"EventName":"Core.DDC.Resource","TimestampUTC":1729082650.682000,"RecordId":10,"ProjectName":"DoorsResourcePack","ProjectID":"00000000000000000000000000000000","Session_ID":"{996CE30F-4CF7-47A6-4D01-C3AC3C246044}","Session_Label":"","Session_StartUTC":1729082641.158,"Build_Configuration":"Development","Build_IsInternalBuild":false,"Build_IsPerforceBuild":false,"Build_IsPromotedBuild":true,"Build_BranchName":"++ue5+release-5.4","Build_Changelist":35576357,"Hardware_Platform":"Windows","Hardware_GPU":"","Hardware_CPU":"11th Gen Intel(R) Core(TM) i5-11400F @ 2.60GHz","Hardware_CPU_Cores_Physical":6,"Hardware_CPU_Cores_Logical":12,"Hardware_RAM":34205995008,"Hardware_ComputerName":"DESKTOP-VUFMNFR","Config_IsEditor":true,"Config_IsUnattended":false,"Config_IsBuildMachine":false,"Config_IsRunningCommandlet":false,"Config_IsDebuggerPresent":false,"MapName":"None","SchemaVersion":3,"LoadingName":"BootEditor","AssetType":"MaterialShader","Load_Count":4,"Load_TimeSec":0.009956,"Load_SizeMB":20.444282,"Build_Count":0,"Build_TimeSec":0.0,"Build_SizeMB":0.0,"Total_Count":4,"Total_TimeSec":0.009956,"Total_SizeMB":20,"Efficiency":1.0,"Thread_TimeSec":0.009956}
{"EventName":"Core.DDC.Resource","TimestampUTC":1729082650.685000,"RecordId":11,"ProjectName":"DoorsResourcePack","ProjectID":"00000000000000000000000000000000","Session_ID":"{996CE30F-4CF7-47A6-4D01-C3AC3C246044}","Session_Label":"","Session_StartUTC":1729082641.158,"Build_Configuration":"Development","Build_IsInternalBuild":false,"Build_IsPerforceBuild":false,"Build_IsPromotedBuild":true,"Build_BranchName":"++ue5+release-5.4","Build_Changelist":35576357,"Hardware_Platform":"Windows","Hardware_GPU":"","Hardware_CPU":"11th Gen Intel(R) Core(TM) i5-11400F @ 2.60GHz","Hardware_CPU_Cores_Physical":6,"Hardware_CPU_Cores_Logical":12,"Hardware_RAM":34205995008,"Hardware_ComputerName":"DESKTOP-VUFMNFR","Config_IsEditor":true,"Config_IsUnattended":false,"Config_IsBuildMachine":false,"Config_IsRunningCommandlet":false,"Config_IsDebuggerPresent":false,"MapName":"None","SchemaVersion":3,"LoadingName":"BootEditor","AssetType":"DistanceField","Load_Count":35,"Load_TimeSec":0.023904,"Load_SizeMB":3.866115,"Build_Count":0,"Build_TimeSec":0.0,"Build_SizeMB":0.0,"Total_Count":35,"Total_TimeSec":0.023904,"Total_SizeMB":3,"Efficiency":1.0,"Thread_TimeSec":0.0229}
{"EventName":"Core.DDC.Resource","TimestampUTC":1729082650.687000,"RecordId":12,"ProjectName":"DoorsResourcePack","ProjectID":"00000000000000000000000000000000","Session_ID":"{996CE30F-4CF7-47A6-4D01-C3AC3C246044}","Session_Label":"","Session_StartUTC":1729082641.158,"Build_Configuration":"Development","Build_IsInternalBuild":false,"Build_IsPerforceBuild":false,"Build_IsPromotedBuild":true,"Build_BranchName":"++ue5+release-5.4","Build_Changelist":35576357,"Hardware_Platform":"Windows","Hardware_GPU":"","Hardware_CPU":"11th Gen Intel(R) Core(TM) i5-11400F @ 2.60GHz","Hardware_CPU_Cores_Physical":6,"Hardware_CPU_Cores_Logical":12,"Hardware_RAM":34205995008,"Hardware_ComputerName":"DESKTOP-VUFMNFR","Config_IsEditor":true,"Config_IsUnattended":false,"Config_IsBuildMachine":false,"Config_IsRunningCommandlet":false,"Config_IsDebuggerPresent":false,"MapName":"None","SchemaVersion":3,"LoadingName":"BootEditor","AssetType":"Audio (Inline)","Load_Count":8,"Load_TimeSec":0.005982,"Load_SizeMB":0.006736,"Build_Count":0,"Build_TimeSec":0.0,"Build_SizeMB":0.0,"Total_Count":8,"Total_TimeSec":0.005982,"Total_SizeMB":0,"Efficiency":1.0,"Thread_TimeSec":0.005982}
{"EventName":"Core.DDC.Resource","TimestampUTC":1729082650.688000,"RecordId":13,"ProjectName":"DoorsResourcePack","ProjectID":"00000000000000000000000000000000","Session_ID":"{996CE30F-4CF7-47A6-4D01-C3AC3C246044}","Session_Label":"","Session_StartUTC":1729082641.158,"Build_Configuration":"Development","Build_IsInternalBuild":false,"Build_IsPerforceBuild":false,"Build_IsPromotedBuild":true,"Build_BranchName":"++ue5+release-5.4","Build_Changelist":35576357,"Hardware_Platform":"Windows","Hardware_GPU":"","Hardware_CPU":"11th Gen Intel(R) Core(TM) i5-11400F @ 2.60GHz","Hardware_CPU_Cores_Physical":6,"Hardware_CPU_Cores_Logical":12,"Hardware_RAM":34205995008,"Hardware_ComputerName":"DESKTOP-VUFMNFR","Config_IsEditor":true,"Config_IsUnattended":false,"Config_IsBuildMachine":false,"Config_IsRunningCommandlet":false,"Config_IsDebuggerPresent":false,"MapName":"None","SchemaVersion":3,"LoadingName":"BootEditor","AssetType":"NavCollision","Load_Count":35,"Load_TimeSec":0.002836,"Load_SizeMB":0.044932,"Build_Count":0,"Build_TimeSec":0.0,"Build_SizeMB":0.0,"Total_Count":35,"Total_TimeSec":0.002836,"Total_SizeMB":0,"Efficiency":1.0,"Thread_TimeSec":0.002537}
{"EventName":"Core.DDC.Resource","TimestampUTC":1729082650.691000,"RecordId":14,"ProjectName":"DoorsResourcePack","ProjectID":"00000000000000000000000000000000","Session_ID":"{996CE30F-4CF7-47A6-4D01-C3AC3C246044}","Session_Label":"","Session_StartUTC":1729082641.158,"Build_Configuration":"Development","Build_IsInternalBuild":false,"Build_IsPerforceBuild":false,"Build_IsPromotedBuild":true,"Build_BranchName":"++ue5+release-5.4","Build_Changelist":35576357,"Hardware_Platform":"Windows","Hardware_GPU":"","Hardware_CPU":"11th Gen Intel(R) Core(TM) i5-11400F @ 2.60GHz","Hardware_CPU_Cores_Physical":6,"Hardware_CPU_Cores_Logical":12,"Hardware_RAM":34205995008,"Hardware_ComputerName":"DESKTOP-VUFMNFR","Config_IsEditor":true,"Config_IsUnattended":false,"Config_IsBuildMachine":false,"Config_IsRunningCommandlet":false,"Config_IsDebuggerPresent":false,"MapName":"None","SchemaVersion":3,"LoadingName":"BootEditor","AssetType":"Total","Load_Count":676,"Load_TimeSec":0.164936,"Load_SizeMB":216.385184,"Build_Count":0,"Build_TimeSec":0.0,"Build_SizeMB":0.0,"Total_Count":676,"Total_TimeSec":0.164936,"Total_SizeMB":216,"Efficiency":1.0,"Thread_TimeSec":0.16227}
{"EventName":"Core.DDC.Summary","TimestampUTC":1729082650.693000,"RecordId":15,"ProjectName":"DoorsResourcePack","ProjectID":"00000000000000000000000000000000","Session_ID":"{996CE30F-4CF7-47A6-4D01-C3AC3C246044}","Session_Label":"","Session_StartUTC":1729082641.158,"Build_Configuration":"Development","Build_IsInternalBuild":false,"Build_IsPerforceBuild":false,"Build_IsPromotedBuild":true,"Build_BranchName":"++ue5+release-5.4","Build_Changelist":35576357,"Hardware_Platform":"Windows","Hardware_GPU":"","Hardware_CPU":"11th Gen Intel(R) Core(TM) i5-11400F @ 2.60GHz","Hardware_CPU_Cores_Physical":6,"Hardware_CPU_Cores_Logical":12,"Hardware_RAM":34205995008,"Hardware_ComputerName":"DESKTOP-VUFMNFR","Config_IsEditor":true,"Config_IsUnattended":false,"Config_IsBuildMachine":false,"Config_IsRunningCommandlet":false,"Config_IsDebuggerPresent":false,"MapName":"None","SchemaVersion":3,"LoadingName":"BootEditor","BackEnd":"InstalledDerivedDataBackendGraph","HasLocalCache":"true","HasSharedCache":"false","HasCloudCache":"false","HasZenCache":"true","TotalGetHits":923.0,"TotalGetMisses":109.0,"TotalGets":1032.0,"TotalGetHitPct":0.89438,"GetMissPct":0.10562,"TotalPutHits":104.0,"TotalPutMisses":0.0,"TotalPuts":104.0,"TotalPutHitPct":1.0,"PutMissPct":0.0,"LocalGetHits":0.0,"LocalGetTotal":0.0,"LocalGetHitPct":0.0,"SharedGetHits":0.0,"SharedGetTotal":0.0,"SharedGetHitPct":0.0,"ZenLocalGetHits":610.0,"ZenLocalGetTotal":719.0,"ZenLocalGetHitPct":0.848401,"ZenRemoteGetHits":0.0,"ZenRemoteGetTotal":0.0,"ZenRemoteGetHitPct":0.0,"CloudGetHits":0.0,"CloudGetTotal":0.0,"CloudGetHitPct":0.0,"LocalLatency":0.0,"LocalReadSpeed":0.0,"LocalWriteSpeed":0.0,"SharedLatency":0.0,"SharedReadSpeed":0.0,"SharedWriteSpeed":0.0,"CloudLatency":0.0,"CloudReadSpeed":0.0,"CloudWriteSpeed":0.0}
{"EventName":"Core.Zen","TimestampUTC":1729082650.695000,"RecordId":16,"ProjectName":"DoorsResourcePack","ProjectID":"00000000000000000000000000000000","Session_ID":"{996CE30F-4CF7-47A6-4D01-C3AC3C246044}","Session_Label":"","Session_StartUTC":1729082641.158,"Build_Configuration":"Development","Build_IsInternalBuild":false,"Build_IsPerforceBuild":false,"Build_IsPromotedBuild":true,"Build_BranchName":"++ue5+release-5.4","Build_Changelist":35576357,"Hardware_Platform":"Windows","Hardware_GPU":"","Hardware_CPU":"11th Gen Intel(R) Core(TM) i5-11400F @ 2.60GHz","Hardware_CPU_Cores_Physical":6,"Hardware_CPU_Cores_Logical":12,"Hardware_RAM":34205995008,"Hardware_ComputerName":"DESKTOP-VUFMNFR","Config_IsEditor":true,"Config_IsUnattended":false,"Config_IsBuildMachine":false,"Config_IsRunningCommandlet":false,"Config_IsDebuggerPresent":false,"MapName":"None","SchemaVersion":1,"LoadingName":"BootEditor","Zen_Enabled":true,"Zen_Cache_Size_Disk":993974322.0,"Zen_Cache_Size_Memory":0.0,"Zen_Cache_Hits":0,"Zen_Cache_Misses":0,"Zen_Cache_Writes":0,"Zen_Cache_HitRatio":0.0,"Zen_Cache_Cas_Hits":0,"Zen_Cache_Cas_Misses":0,"Zen_Cache_Cas_Writes":0,"Zen_Cache_Requests":0,"Zen_Cache_BadRequests":0,"Zen_Cache_Requests_Count":0,"Zen_Cache_Requests_RateMean":0.0,"Zen_Cache_Requests_TAverage":0.0,"Zen_Cache_Requests_TMin":0.0,"Zen_Cache_Requests_TMax":0.0,"Zen_Cache_TotalUploadedMB":0.0,"Zen_Upstream_TotalDownloadedMB":0.0,"Zen_Upstream_TotalUploadedMB":0.0,"Zen_Upstream_Requests_Count":0,"Zen_Upstream_Requests_RateMean":0.0,"Zen_Upstream_Requests_TAverage":0.0,"Zen_Upstream_Requests_TMin":0.0,"Zen_Upstream_Requests_TMax":0.0,"Zen_Cas_Size_Large":2443554,"Zen_Cas_Size_Small":281323397,"Zen_Cas_Size_Tiny":299006,"Zen_Cas_Size_Total":284065957,"Zen_Project_Size_Disk":0.0,"Zen_Project_Size_Memory":0.0,"Zen_Project_WriteCount":0,"Zen_Project_ReadCount":0,"Zen_Project_DeleteCount":0,"Zen_Project_Oplog_WriteCount":0,"Zen_Project_Oplog_ReadCount":0,"Zen_Project_Oplog_DeleteCount":0,"Zen_Project_Op_Hits":0,"Zen_Project_Op_Misses":0,"Zen_Project_Op_Writes":0,"Zen_Project_Chunk_Hits":0,"Zen_Project_Chunk_Misses":0,"Zen_Project_Chunk_Writes":0,"Zen_Project_Requests":0,"Zen_Project_BadRequests":0,"Zen_Project_Op_HitRatio":0.0,"Zen_Project_Chunk_HitRatio":0.0}
{"EventName":"Span","TimestampUTC":1729082651.644000,"RecordId":17,"ProjectName":"DoorsResourcePack","ProjectID":"00000000000000000000000000000000","Session_ID":"{996CE30F-4CF7-47A6-4D01-C3AC3C246044}","Session_Label":"","Session_StartUTC":1729082641.158,"Build_Configuration":"Development","Build_IsInternalBuild":false,"Build_IsPerforceBuild":false,"Build_IsPromotedBuild":true,"Build_BranchName":"++ue5+release-5.4","Build_Changelist":35576357,"Hardware_Platform":"Windows","Hardware_GPU":"","Hardware_CPU":"11th Gen Intel(R) Core(TM) i5-11400F @ 2.60GHz","Hardware_CPU_Cores_Physical":6,"Hardware_CPU_Cores_Logical":12,"Hardware_RAM":34205995008,"Hardware_ComputerName":"DESKTOP-VUFMNFR","Config_IsEditor":true,"Config_IsUnattended":false,"Config_IsBuildMachine":false,"Config_IsRunningCommandlet":false,"Config_IsDebuggerPresent":false,"MapName":"OpenWorld","SchemaVersion":1,"Span_Name":"Editor.LoadMap","Span_GUID":"FE92193A4FE5DE48C9B207A6403C1B48","Span_ParentName":"Editor","Span_ThreadId":19052,"Span_Depth":3,"Span_StartUTC":1729082650.697,"Span_EndUTC":1729082651.644,"Span_TimeInSec":0.947}
{"EventName":"Core.Loading","TimestampUTC":1729082651.648000,"RecordId":18,"ProjectName":"DoorsResourcePack","ProjectID":"00000000000000000000000000000000","Session_ID":"{996CE30F-4CF7-47A6-4D01-C3AC3C246044}","Session_Label":"","Session_StartUTC":1729082641.158,"Build_Configuration":"Development","Build_IsInternalBuild":false,"Build_IsPerforceBuild":false,"Build_IsPromotedBuild":true,"Build_BranchName":"++ue5+release-5.4","Build_Changelist":35576357,"Hardware_Platform":"Windows","Hardware_GPU":"","Hardware_CPU":"11th Gen Intel(R) Core(TM) i5-11400F @ 2.60GHz","Hardware_CPU_Cores_Physical":6,"Hardware_CPU_Cores_Logical":12,"Hardware_RAM":34205995008,"Hardware_ComputerName":"DESKTOP-VUFMNFR","Config_IsEditor":true,"Config_IsUnattended":false,"Config_IsBuildMachine":false,"Config_IsRunningCommandlet":false,"Config_IsDebuggerPresent":false,"MapName":"OpenWorld","SchemaVersion":3,"LoadingName":"LoadMap","LoadingSeconds":0.947,"Zen_Enabled":true,"Zen_Cache_Size_Disk":993974322.0,"Zen_Cache_Size_Memory":0.0,"Zen_Cache_Hits":0,"Zen_Cache_Misses":0,"Zen_Cache_Writes":0,"Zen_Cache_HitRatio":0.0,"Zen_Cache_Cas_Hits":0,"Zen_Cache_Cas_Misses":0,"Zen_Cache_Cas_Writes":0,"Zen_Cache_Requests":0,"Zen_Cache_BadRequests":0,"Zen_Cache_Requests_Count":0,"Zen_Cache_Requests_RateMean":0.0,"Zen_Cache_Requests_TAverage":0.0,"Zen_Cache_Requests_TMin":0.0,"Zen_Cache_Requests_TMax":0.0,"Zen_Cache_TotalUploadedMB":0.0,"Zen_Upstream_TotalDownloadedMB":0.0,"Zen_Upstream_TotalUploadedMB":0.0,"Zen_Upstream_Requests_Count":0,"Zen_Upstream_Requests_RateMean":0.0,"Zen_Upstream_Requests_TAverage":0.0,"Zen_Upstream_Requests_TMin":0.0,"Zen_Upstream_Requests_TMax":0.0,"Zen_Cas_Size_Large":2443554,"Zen_Cas_Size_Small":281323397,"Zen_Cas_Size_Tiny":299006,"Zen_Cas_Size_Total":284065957,"Zen_Project_Size_Disk":0.0,"Zen_Project_Size_Memory":0.0,"Zen_Project_WriteCount":0,"Zen_Project_ReadCount":0,"Zen_Project_DeleteCount":0,"Zen_Project_Oplog_WriteCount":0,"Zen_Project_Oplog_ReadCount":0,"Zen_Project_Oplog_DeleteCount":0,"Zen_Project_Op_Hits":0,"Zen_Project_Op_Misses":0,"Zen_Project_Op_Writes":0,"Zen_Project_Chunk_Hits":0,"Zen_Project_Chunk_Misses":0,"Zen_Project_Chunk_Writes":0,"Zen_Project_Requests":0,"Zen_Project_BadRequests":0,"Zen_Project_Op_HitRatio":0.0,"Zen_Project_Chunk_HitRatio":0.0,"DDC_Summary_BackEnd":"InstalledDerivedDataBackendGraph","DDC_Summary_HasLocalCache":"true","DDC_Summary_HasSharedCache":"false","DDC_Summary_HasCloudCache":"false","DDC_Summary_HasZenCache":"true","DDC_Summary_TotalGetHits":1715.0,"DDC_Summary_TotalGetMisses":111.0,"DDC_Summary_TotalGets":1826.0,"DDC_Summary_TotalGetHitPct":0.939211,"DDC_Summary_GetMissPct":0.060789,"DDC_Summary_TotalPutHits":106.0,"DDC_Summary_TotalPutMisses":0.0,"DDC_Summary_TotalPuts":106.0,"DDC_Summary_TotalPutHitPct":1.0,"DDC_Summary_PutMissPct":0.0,"DDC_Summary_LocalGetHits":0.0,"DDC_Summary_LocalGetTotal":0.0,"DDC_Summary_LocalGetHitPct":0.0,"DDC_Summary_SharedGetHits":0.0,"DDC_Summary_SharedGetTotal":0.0,"DDC_Summary_SharedGetHitPct":0.0,"DDC_Summary_ZenLocalGetHits":617.0,"DDC_Summary_ZenLocalGetTotal":728.0,"DDC_Summary_ZenLocalGetHitPct":0.847527,"DDC_Summary_ZenRemoteGetHits":0.0,"DDC_Summary_ZenRemoteGetTotal":0.0,"DDC_Summary_ZenRemoteGetHitPct":0.0,"DDC_Summary_CloudGetHits":0.0,"DDC_Summary_CloudGetTotal":0.0,"DDC_Summary_CloudGetHitPct":0.0,"DDC_Summary_LocalLatency":0.0,"DDC_Summary_LocalReadSpeed":0.0,"DDC_Summary_LocalWriteSpeed":0.0,"DDC_Summary_SharedLatency":0.0,"DDC_Summary_SharedReadSpeed":0.0,"DDC_Summary_SharedWriteSpeed":0.0,"DDC_Summary_CloudLatency":0.0,"DDC_Summary_CloudReadSpeed":0.0,"DDC_Summary_CloudWriteSpeed":0.0}
{"EventName":"Core.DDC.Resource","TimestampUTC":1729082651.651000,"RecordId":19,"ProjectName":"DoorsResourcePack","ProjectID":"00000000000000000000000000000000","Session_ID":"{996CE30F-4CF7-47A6-4D01-C3AC3C246044}","Session_Label":"","Session_StartUTC":1729082641.158,"Build_Configuration":"Development","Build_IsInternalBuild":false,"Build_IsPerforceBuild":false,"Build_IsPromotedBuild":true,"Build_BranchName":"++ue5+release-5.4","Build_Changelist":35576357,"Hardware_Platform":"Windows","Hardware_GPU":"","Hardware_CPU":"11th Gen Intel(R) Core(TM) i5-11400F @ 2.60GHz","Hardware_CPU_Cores_Physical":6,"Hardware_CPU_Cores_Logical":12,"Hardware_RAM":34205995008,"Hardware_ComputerName":"DESKTOP-VUFMNFR","Config_IsEditor":true,"Config_IsUnattended":false,"Config_IsBuildMachine":false,"Config_IsRunningCommandlet":false,"Config_IsDebuggerPresent":false,"MapName":"OpenWorld","SchemaVersion":3,"LoadingName":"LoadMap","AssetType":"Texture (Inline)","Load_Count":98,"Load_TimeSec":0.019019,"Load_SizeMB":52.432806,"Build_Count":0,"Build_TimeSec":0.0,"Build_SizeMB":0.0,"Total_Count":98,"Total_TimeSec":0.019019,"Total_SizeMB":52,"Efficiency":1.0,"Thread_TimeSec":0.019019}
{"EventName":"Core.DDC.Resource","TimestampUTC":1729082651.653000,"RecordId":20,"ProjectName":"DoorsResourcePack","ProjectID":"00000000000000000000000000000000","Session_ID":"{996CE30F-4CF7-47A6-4D01-C3AC3C246044}","Session_Label":"","Session_StartUTC":1729082641.158,"Build_Configuration":"Development","Build_IsInternalBuild":false,"Build_IsPerforceBuild":false,"Build_IsPromotedBuild":true,"Build_BranchName":"++ue5+release-5.4","Build_Changelist":35576357,"Hardware_Platform":"Windows","Hardware_GPU":"","Hardware_CPU":"11th Gen Intel(R) Core(TM) i5-11400F @ 2.60GHz","Hardware_CPU_Cores_Physical":6,"Hardware_CPU_Cores_Logical":12,"Hardware_RAM":34205995008,"Hardware_ComputerName":"DESKTOP-VUFMNFR","Config_IsEditor":true,"Config_IsUnattended":false,"Config_IsBuildMachine":false,"Config_IsRunningCommandlet":false,"Config_IsDebuggerPresent":false,"MapName":"OpenWorld","SchemaVersion":3,"LoadingName":"LoadMap","AssetType":"Texture (Streaming)","Load_Count":30,"Load_TimeSec":0.005191,"Load_SizeMB":8.521484,"Build_Count":0,"Build_TimeSec":0.0,"Build_SizeMB":0.0,"Total_Count":30,"Total_TimeSec":0.005191,"Total_SizeMB":8,"Efficiency":1.0,"Thread_TimeSec":0.005191}
{"EventName":"Core.DDC.Resource","TimestampUTC":1729082651.655000,"RecordId":21,"ProjectName":"DoorsResourcePack","ProjectID":"00000000000000000000000000000000","Session_ID":"{996CE30F-4CF7-47A6-4D01-C3AC3C246044}","Session_Label":"","Session_StartUTC":1729082641.158,"Build_Configuration":"Development","Build_IsInternalBuild":false,"Build_IsPerforceBuild":false,"Build_IsPromotedBuild":true,"Build_BranchName":"++ue5+release-5.4","Build_Changelist":35576357,"Hardware_Platform":"Windows","Hardware_GPU":"","Hardware_CPU":"11th Gen Intel(R) Core(TM) i5-11400F @ 2.60GHz","Hardware_CPU_Cores_Physical":6,"Hardware_CPU_Cores_Logical":12,"Hardware_RAM":34205995008,"Hardware_ComputerName":"DESKTOP-VUFMNFR","Config_IsEditor":true,"Config_IsUnattended":false,"Config_IsBuildMachine":false,"Config_IsRunningCommandlet":false,"Config_IsDebuggerPresent":false,"MapName":"OpenWorld","SchemaVersion":3,"LoadingName":"LoadMap","AssetType":"StaticMesh","Load_Count":36,"Load_TimeSec":0.014032,"Load_SizeMB":4.448803,"Build_Count":0,"Build_TimeSec":0.0,"Build_SizeMB":0.0,"Total_Count":36,"Total_TimeSec":0.014032,"Total_SizeMB":4,"Efficiency":1.0,"Thread_TimeSec":0.012123}
{"EventName":"Core.DDC.Resource","TimestampUTC":1729082651.657000,"RecordId":22,"ProjectName":"DoorsResourcePack","ProjectID":"00000000000000000000000000000000","Session_ID":"{996CE30F-4CF7-47A6-4D01-C3AC3C246044}","Session_Label":"","Session_StartUTC":1729082641.158,"Build_Configuration":"Development","Build_IsInternalBuild":false,"Build_IsPerforceBuild":false,"Build_IsPromotedBuild":true,"Build_BranchName":"++ue5+release-5.4","Build_Changelist":35576357,"Hardware_Platform":"Windows","Hardware_GPU":"","Hardware_CPU":"11th Gen Intel(R) Core(TM) i5-11400F @ 2.60GHz","Hardware_CPU_Cores_Physical":6,"Hardware_CPU_Cores_Logical":12,"Hardware_RAM":34205995008,"Hardware_ComputerName":"DESKTOP-VUFMNFR","Config_IsEditor":true,"Config_IsUnattended":false,"Config_IsBuildMachine":false,"Config_IsRunningCommandlet":false,"Config_IsDebuggerPresent":false,"MapName":"OpenWorld","SchemaVersion":3,"LoadingName":"LoadMap","AssetType":"GlobalShader","Load_Count":395,"Load_TimeSec":0.078196,"Load_SizeMB":125.371522,"Build_Count":0,"Build_TimeSec":0.0,"Build_SizeMB":0.0,"Total_Count":395,"Total_TimeSec":0.078196,"Total_SizeMB":125,"Efficiency":1.0,"Thread_TimeSec":0.078196}
{"EventName":"Core.DDC.Resource","TimestampUTC":1729082651.658000,"RecordId":23,"ProjectName":"DoorsResourcePack","ProjectID":"00000000000000000000000000000000","Session_ID":"{996CE30F-4CF7-47A6-4D01-C3AC3C246044}","Session_Label":"","Session_StartUTC":1729082641.158,"Build_Configuration":"Development","Build_IsInternalBuild":false,"Build_IsPerforceBuild":false,"Build_IsPromotedBuild":true,"Build_BranchName":"++ue5+release-5.4","Build_Changelist":35576357,"Hardware_Platform":"Windows","Hardware_GPU":"","Hardware_CPU":"11th Gen Intel(R) Core(TM) i5-11400F @ 2.60GHz","Hardware_CPU_Cores_Physical":6,"Hardware_CPU_Cores_Logical":12,"Hardware_RAM":34205995008,"Hardware_ComputerName":"DESKTOP-VUFMNFR","Config_IsEditor":true,"Config_IsUnattended":false,"Config_IsBuildMachine":false,"Config_IsRunningCommandlet":false,"Config_IsDebuggerPresent":false,"MapName":"OpenWorld","SchemaVersion":3,"LoadingName":"LoadMap","AssetType":"BodySetup","Load_Count":1,"Load_TimeSec":0.002724,"Load_SizeMB":1.456863,"Build_Count":0,"Build_TimeSec":0.0,"Build_SizeMB":0.0,"Total_Count":1,"Total_TimeSec":0.002724,"Total_SizeMB":1,"Efficiency":1.0,"Thread_TimeSec":0.002724}
{"EventName":"Core.DDC.Resource","TimestampUTC":1729082651.661000,"RecordId":24,"ProjectName":"DoorsResourcePack","ProjectID":"00000000000000000000000000000000","Session_ID":"{996CE30F-4CF7-47A6-4D01-C3AC3C246044}","Session_Label":"","Session_StartUTC":1729082641.158,"Build_Configuration":"Development","Build_IsInternalBuild":false,"Build_IsPerforceBuild":false,"Build_IsPromotedBuild":true,"Build_BranchName":"++ue5+release-5.4","Build_Changelist":35576357,"Hardware_Platform":"Windows","Hardware_GPU":"","Hardware_CPU":"11th Gen Intel(R) Core(TM) i5-11400F @ 2.60GHz","Hardware_CPU_Cores_Physical":6,"Hardware_CPU_Cores_Logical":12,"Hardware_RAM":34205995008,"Hardware_ComputerName":"DESKTOP-VUFMNFR","Config_IsEditor":true,"Config_IsUnattended":false,"Config_IsBuildMachine":false,"Config_IsRunningCommandlet":false,"Config_IsDebuggerPresent":false,"MapName":"OpenWorld","SchemaVersion":3,"LoadingName":"LoadMap","AssetType":"CardRepresentation","Load_Count":36,"Load_TimeSec":0.003939,"Load_SizeMB":0.010043,"Build_Count":0,"Build_TimeSec":0.0,"Build_SizeMB":0.0,"Total_Count":36,"Total_TimeSec":0.003939,"Total_SizeMB":0,"Efficiency":1.0,"Thread_TimeSec":0.003642}
{"EventName":"Core.DDC.Resource","TimestampUTC":1729082651.665000,"RecordId":25,"ProjectName":"DoorsResourcePack","ProjectID":"00000000000000000000000000000000","Session_ID":"{996CE30F-4CF7-47A6-4D01-C3AC3C246044}","Session_Label":"","Session_StartUTC":1729082641.158,"Build_Configuration":"Development","Build_IsInternalBuild":false,"Build_IsPerforceBuild":false,"Build_IsPromotedBuild":true,"Build_BranchName":"++ue5+release-5.4","Build_Changelist":35576357,"Hardware_Platform":"Windows","Hardware_GPU":"","Hardware_CPU":"11th Gen Intel(R) Core(TM) i5-11400F @ 2.60GHz","Hardware_CPU_Cores_Physical":6,"Hardware_CPU_Cores_Logical":12,"Hardware_RAM":34205995008,"Hardware_ComputerName":"DESKTOP-VUFMNFR","Config_IsEditor":true,"Config_IsUnattended":false,"Config_IsBuildMachine":false,"Config_IsRunningCommandlet":false,"Config_IsDebuggerPresent":false,"MapName":"OpenWorld","SchemaVersion":3,"LoadingName":"LoadMap","AssetType":"MaterialShader","Load_Count":4,"Load_TimeSec":0.009956,"Load_SizeMB":20.444282,"Build_Count":0,"Build_TimeSec":0.0,"Build_SizeMB":0.0,"Total_Count":4,"Total_TimeSec":0.009956,"Total_SizeMB":20,"Efficiency":1.0,"Thread_TimeSec":0.009956}
{"EventName":"Core.DDC.Resource","TimestampUTC":1729082651.667000,"RecordId":26,"ProjectName":"DoorsResourcePack","ProjectID":"00000000000000000000000000000000","Session_ID":"{996CE30F-4CF7-47A6-4D01-C3AC3C246044}","Session_Label":"","Session_StartUTC":1729082641.158,"Build_Configuration":"Development","Build_IsInternalBuild":false,"Build_IsPerforceBuild":false,"Build_IsPromotedBuild":true,"Build_BranchName":"++ue5+release-5.4","Build_Changelist":35576357,"Hardware_Platform":"Windows","Hardware_GPU":"","Hardware_CPU":"11th Gen Intel(R) Core(TM) i5-11400F @ 2.60GHz","Hardware_CPU_Cores_Physical":6,"Hardware_CPU_Cores_Logical":12,"Hardware_RAM":34205995008,"Hardware_ComputerName":"DESKTOP-VUFMNFR","Config_IsEditor":true,"Config_IsUnattended":false,"Config_IsBuildMachine":false,"Config_IsRunningCommandlet":false,"Config_IsDebuggerPresent":false,"MapName":"OpenWorld","SchemaVersion":3,"LoadingName":"LoadMap","AssetType":"DistanceField","Load_Count":36,"Load_TimeSec":0.02826,"Load_SizeMB":5.725815,"Build_Count":0,"Build_TimeSec":0.0,"Build_SizeMB":0.0,"Total_Count":36,"Total_TimeSec":0.02826,"Total_SizeMB":5,"Efficiency":1.0,"Thread_TimeSec":0.0229}
{"EventName":"Core.DDC.Resource","TimestampUTC":1729082651.669000,"RecordId":27,"ProjectName":"DoorsResourcePack","ProjectID":"00000000000000000000000000000000","Session_ID":"{996CE30F-4CF7-47A6-4D01-C3AC3C246044}","Session_Label":"","Session_StartUTC":1729082641.158,"Build_Configuration":"Development","Build_IsInternalBuild":false,"Build_IsPerforceBuild":false,"Build_IsPromotedBuild":true,"Build_BranchName":"++ue5+release-5.4","Build_Changelist":35576357,"Hardware_Platform":"Windows","Hardware_GPU":"","Hardware_CPU":"11th Gen Intel(R) Core(TM) i5-11400F @ 2.60GHz","Hardware_CPU_Cores_Physical":6,"Hardware_CPU_Cores_Logical":12,"Hardware_RAM":34205995008,"Hardware_ComputerName":"DESKTOP-VUFMNFR","Config_IsEditor":true,"Config_IsUnattended":false,"Config_IsBuildMachine":false,"Config_IsRunningCommandlet":false,"Config_IsDebuggerPresent":false,"MapName":"OpenWorld","SchemaVersion":3,"LoadingName":"LoadMap","AssetType":"Audio (Inline)","Load_Count":8,"Load_TimeSec":0.005982,"Load_SizeMB":0.006736,"Build_Count":0,"Build_TimeSec":0.0,"Build_SizeMB":0.0,"Total_Count":8,"Total_TimeSec":0.005982,"Total_SizeMB":0,"Efficiency":1.0,"Thread_TimeSec":0.005982}
{"EventName":"Core.DDC.Resource","TimestampUTC":1729082651.671000,"RecordId":28,"ProjectName":"DoorsResourcePack","ProjectID":"00000000000000000000000000000000","Session_ID":"{996CE30F-4CF7-47A6-4D01-C3AC3C246044}","Session_Label":"","Session_StartUTC":1729082641.158,"Build_Configuration":"Development","Build_IsInternalBuild":false,"Build_IsPerforceBuild":false,"Build_IsPromotedBuild":true,"Build_BranchName":"++ue5+release-5.4","Build_Changelist":35576357,"Hardware_Platform":"Windows","Hardware_GPU":"","Hardware_CPU":"11th Gen Intel(R) Core(TM) i5-11400F @ 2.60GHz","Hardware_CPU_Cores_Physical":6,"Hardware_CPU_Cores_Logical":12,"Hardware_RAM":34205995008,"Hardware_ComputerName":"DESKTOP-VUFMNFR","Config_IsEditor":true,"Config_IsUnattended":false,"Config_IsBuildMachine":false,"Config_IsRunningCommandlet":false,"Config_IsDebuggerPresent":false,"MapName":"OpenWorld","SchemaVersion":3,"LoadingName":"LoadMap","AssetType":"LandscapeCollision (Heightfield)","Load_Count":0,"Load_TimeSec":0.0,"Load_SizeMB":0.0,"Build_Count":512,"Build_TimeSec":0.318292,"Build_SizeMB":24.52832,"Total_Count":512,"Total_TimeSec":0.318292,"Total_SizeMB":24,"Efficiency":0.0,"Thread_TimeSec":0.318292}
{"EventName":"Core.DDC.Resource","TimestampUTC":1729082651.672000,"RecordId":29,"ProjectName":"DoorsResourcePack","ProjectID":"00000000000000000000000000000000","Session_ID":"{996CE30F-4CF7-47A6-4D01-C3AC3C246044}","Session_Label":"","Session_StartUTC":1729082641.158,"Build_Configuration":"Development","Build_IsInternalBuild":false,"Build_IsPerforceBuild":false,"Build_IsPromotedBuild":true,"Build_BranchName":"++ue5+release-5.4","Build_Changelist":35576357,"Hardware_Platform":"Windows","Hardware_GPU":"","Hardware_CPU":"11th Gen Intel(R) Core(TM) i5-11400F @ 2.60GHz","Hardware_CPU_Cores_Physical":6,"Hardware_CPU_Cores_Logical":12,"Hardware_RAM":34205995008,"Hardware_ComputerName":"DESKTOP-VUFMNFR","Config_IsEditor":true,"Config_IsUnattended":false,"Config_IsBuildMachine":false,"Config_IsRunningCommandlet":false,"Config_IsDebuggerPresent":false,"MapName":"OpenWorld","SchemaVersion":3,"LoadingName":"LoadMap","AssetType":"NavCollision","Load_Count":36,"Load_TimeSec":0.002887,"Load_SizeMB":0.044999,"Build_Count":0,"Build_TimeSec":0.0,"Build_SizeMB":0.0,"Total_Count":36,"Total_TimeSec":0.002887,"Total_SizeMB":0,"Efficiency":1.0,"Thread_TimeSec":0.002537}
{"EventName":"Core.DDC.Resource","TimestampUTC":1729082651.674000,"RecordId":30,"ProjectName":"DoorsResourcePack","ProjectID":"00000000000000000000000000000000","Session_ID":"{996CE30F-4CF7-47A6-4D01-C3AC3C246044}","Session_Label":"","Session_StartUTC":1729082641.158,"Build_Configuration":"Development","Build_IsInternalBuild":false,"Build_IsPerforceBuild":false,"Build_IsPromotedBuild":true,"Build_BranchName":"++ue5+release-5.4","Build_Changelist":35576357,"Hardware_Platform":"Windows","Hardware_GPU":"","Hardware_CPU":"11th Gen Intel(R) Core(TM) i5-11400F @ 2.60GHz","Hardware_CPU_Cores_Physical":6,"Hardware_CPU_Cores_Logical":12,"Hardware_RAM":34205995008,"Hardware_ComputerName":"DESKTOP-VUFMNFR","Config_IsEditor":true,"Config_IsUnattended":false,"Config_IsBuildMachine":false,"Config_IsRunningCommandlet":false,"Config_IsDebuggerPresent":false,"MapName":"OpenWorld","SchemaVersion":3,"LoadingName":"LoadMap","AssetType":"Total","Load_Count":680,"Load_TimeSec":0.170186,"Load_SizeMB":218.463353,"Build_Count":512,"Build_TimeSec":0.318292,"Build_SizeMB":24.52832,"Total_Count":1192,"Total_TimeSec":0.488478,"Total_SizeMB":242,"Efficiency":0.57047,"Thread_TimeSec":0.480562}
{"EventName":"Core.DDC.Summary","TimestampUTC":1729082651.677000,"RecordId":31,"ProjectName":"DoorsResourcePack","ProjectID":"00000000000000000000000000000000","Session_ID":"{996CE30F-4CF7-47A6-4D01-C3AC3C246044}","Session_Label":"","Session_StartUTC":1729082641.158,"Build_Configuration":"Development","Build_IsInternalBuild":false,"Build_IsPerforceBuild":false,"Build_IsPromotedBuild":true,"Build_BranchName":"++ue5+release-5.4","Build_Changelist":35576357,"Hardware_Platform":"Windows","Hardware_GPU":"","Hardware_CPU":"11th Gen Intel(R) Core(TM) i5-11400F @ 2.60GHz","Hardware_CPU_Cores_Physical":6,"Hardware_CPU_Cores_Logical":12,"Hardware_RAM":34205995008,"Hardware_ComputerName":"DESKTOP-VUFMNFR","Config_IsEditor":true,"Config_IsUnattended":false,"Config_IsBuildMachine":false,"Config_IsRunningCommandlet":false,"Config_IsDebuggerPresent":false,"MapName":"OpenWorld","SchemaVersion":3,"LoadingName":"LoadMap","BackEnd":"InstalledDerivedDataBackendGraph","HasLocalCache":"true","HasSharedCache":"false","HasCloudCache":"false","HasZenCache":"true","TotalGetHits":1715.0,"TotalGetMisses":111.0,"TotalGets":1826.0,"TotalGetHitPct":0.939211,"GetMissPct":0.060789,"TotalPutHits":106.0,"TotalPutMisses":0.0,"TotalPuts":106.0,"TotalPutHitPct":1.0,"PutMissPct":0.0,"LocalGetHits":0.0,"LocalGetTotal":0.0,"LocalGetHitPct":0.0,"SharedGetHits":0.0,"SharedGetTotal":0.0,"SharedGetHitPct":0.0,"ZenLocalGetHits":617.0,"ZenLocalGetTotal":728.0,"ZenLocalGetHitPct":0.847527,"ZenRemoteGetHits":0.0,"ZenRemoteGetTotal":0.0,"ZenRemoteGetHitPct":0.0,"CloudGetHits":0.0,"CloudGetTotal":0.0,"CloudGetHitPct":0.0,"LocalLatency":0.0,"LocalReadSpeed":0.0,"LocalWriteSpeed":0.0,"SharedLatency":0.0,"SharedReadSpeed":0.0,"SharedWriteSpeed":0.0,"CloudLatency":0.0,"CloudReadSpeed":0.0,"CloudWriteSpeed":0.0}
{"EventName":"Core.Zen","TimestampUTC":1729082651.679000,"RecordId":32,"ProjectName":"DoorsResourcePack","ProjectID":"00000000000000000000000000000000","Session_ID":"{996CE30F-4CF7-47A6-4D01-C3AC3C246044}","Session_Label":"","Session_StartUTC":1729082641.158,"Build_Configuration":"Development","Build_IsInternalBuild":false,"Build_IsPerforceBuild":false,"Build_IsPromotedBuild":true,"Build_BranchName":"++ue5+release-5.4","Build_Changelist":35576357,"Hardware_Platform":"Windows","Hardware_GPU":"","Hardware_CPU":"11th Gen Intel(R) Core(TM) i5-11400F @ 2.60GHz","Hardware_CPU_Cores_Physical":6,"Hardware_CPU_Cores_Logical":12,"Hardware_RAM":34205995008,"Hardware_ComputerName":"DESKTOP-VUFMNFR","Config_IsEditor":true,"Config_IsUnattended":false,"Config_IsBuildMachine":false,"Config_IsRunningCommandlet":false,"Config_IsDebuggerPresent":false,"MapName":"OpenWorld","SchemaVersion":1,"LoadingName":"LoadMap","Zen_Enabled":true,"Zen_Cache_Size_Disk":994001449.0,"Zen_Cache_Size_Memory":34328.0,"Zen_Cache_Hits":712,"Zen_Cache_Misses":6,"Zen_Cache_Writes":106,"Zen_Cache_HitRatio":0.991643,"Zen_Cache_Cas_Hits":453,"Zen_Cache_Cas_Misses":0,"Zen_Cache_Cas_Writes":0,"Zen_Cache_Requests":463,"Zen_Cache_BadRequests":0,"Zen_Cache_Requests_Count":463,"Zen_Cache_Requests_RateMean":53.993873,"Zen_Cache_Requests_TAverage":0.000257,"Zen_Cache_Requests_TMin":0.000013,"Zen_Cache_Requests_TMax":0.004133,"Zen_Cache_TotalUploadedMB":0.0,"Zen_Upstream_TotalDownloadedMB":0.0,"Zen_Upstream_TotalUploadedMB":0.0,"Zen_Upstream_Requests_Count":0,"Zen_Upstream_Requests_RateMean":0.0,"Zen_Upstream_Requests_TAverage":0.0,"Zen_Upstream_Requests_TMin":0.0,"Zen_Upstream_Requests_TMax":0.0,"Zen_Cas_Size_Large":2443554,"Zen_Cas_Size_Small":281323397,"Zen_Cas_Size_Tiny":299006,"Zen_Cas_Size_Total":284065957,"Zen_Project_Size_Disk":0.0,"Zen_Project_Size_Memory":0.0,"Zen_Project_WriteCount":0,"Zen_Project_ReadCount":0,"Zen_Project_DeleteCount":0,"Zen_Project_Oplog_WriteCount":0,"Zen_Project_Oplog_ReadCount":0,"Zen_Project_Oplog_DeleteCount":0,"Zen_Project_Op_Hits":0,"Zen_Project_Op_Misses":0,"Zen_Project_Op_Writes":0,"Zen_Project_Chunk_Hits":0,"Zen_Project_Chunk_Misses":0,"Zen_Project_Chunk_Writes":0,"Zen_Project_Requests":0,"Zen_Project_BadRequests":0,"Zen_Project_Op_HitRatio":0.0,"Zen_Project_Chunk_HitRatio":0.0}
{"EventName":"Span","TimestampUTC":1729082651.687000,"RecordId":33,"ProjectName":"DoorsResourcePack","ProjectID":"00000000000000000000000000000000","Session_ID":"{996CE30F-4CF7-47A6-4D01-C3AC3C246044}","Session_Label":"","Session_StartUTC":1729082641.158,"Build_Configuration":"Development","Build_IsInternalBuild":false,"Build_IsPerforceBuild":false,"Build_IsPromotedBuild":true,"Build_BranchName":"++ue5+release-5.4","Build_Changelist":35576357,"Hardware_Platform":"Windows","Hardware_GPU":"","Hardware_CPU":"11th Gen Intel(R) Core(TM) i5-11400F @ 2.60GHz","Hardware_CPU_Cores_Physical":6,"Hardware_CPU_Cores_Logical":12,"Hardware_RAM":34205995008,"Hardware_ComputerName":"DESKTOP-VUFMNFR","Config_IsEditor":true,"Config_IsUnattended":false,"Config_IsBuildMachine":false,"Config_IsRunningCommandlet":false,"Config_IsDebuggerPresent":false,"MapName":"OpenWorld","SchemaVersion":1,"Span_Name":"Editor.Initialize","Span_GUID":"C64C22A84CCD01A754B20A9779D13B7F","Span_ParentName":"Editor","Span_ThreadId":19052,"Span_Depth":2,"Span_StartUTC":1729082650.697,"Span_EndUTC":1729082651.687,"Span_TimeInSec":0.99}
{"EventName":"Core.Loading","TimestampUTC":1729082651.689000,"RecordId":34,"ProjectName":"DoorsResourcePack","ProjectID":"00000000000000000000000000000000","Session_ID":"{996CE30F-4CF7-47A6-4D01-C3AC3C246044}","Session_Label":"","Session_StartUTC":1729082641.158,"Build_Configuration":"Development","Build_IsInternalBuild":false,"Build_IsPerforceBuild":false,"Build_IsPromotedBuild":true,"Build_BranchName":"++ue5+release-5.4","Build_Changelist":35576357,"Hardware_Platform":"Windows","Hardware_GPU":"","Hardware_CPU":"11th Gen Intel(R) Core(TM) i5-11400F @ 2.60GHz","Hardware_CPU_Cores_Physical":6,"Hardware_CPU_Cores_Logical":12,"Hardware_RAM":34205995008,"Hardware_ComputerName":"DESKTOP-VUFMNFR","Config_IsEditor":true,"Config_IsUnattended":false,"Config_IsBuildMachine":false,"Config_IsRunningCommandlet":false,"Config_IsDebuggerPresent":false,"MapName":"OpenWorld","SchemaVersion":3,"LoadingName":"TotalEditorStartup","LoadingSeconds":11.654291,"Zen_Enabled":true,"Zen_Cache_Size_Disk":994001449.0,"Zen_Cache_Size_Memory":34328.0,"Zen_Cache_Hits":712,"Zen_Cache_Misses":6,"Zen_Cache_Writes":106,"Zen_Cache_HitRatio":0.991643,"Zen_Cache_Cas_Hits":453,"Zen_Cache_Cas_Misses":0,"Zen_Cache_Cas_Writes":0,"Zen_Cache_Requests":463,"Zen_Cache_BadRequests":0,"Zen_Cache_Requests_Count":463,"Zen_Cache_Requests_RateMean":53.993873,"Zen_Cache_Requests_TAverage":0.000257,"Zen_Cache_Requests_TMin":0.000013,"Zen_Cache_Requests_TMax":0.004133,"Zen_Cache_TotalUploadedMB":0.0,"Zen_Upstream_TotalDownloadedMB":0.0,"Zen_Upstream_TotalUploadedMB":0.0,"Zen_Upstream_Requests_Count":0,"Zen_Upstream_Requests_RateMean":0.0,"Zen_Upstream_Requests_TAverage":0.0,"Zen_Upstream_Requests_TMin":0.0,"Zen_Upstream_Requests_TMax":0.0,"Zen_Cas_Size_Large":2443554,"Zen_Cas_Size_Small":281323397,"Zen_Cas_Size_Tiny":299006,"Zen_Cas_Size_Total":284065957,"Zen_Project_Size_Disk":0.0,"Zen_Project_Size_Memory":0.0,"Zen_Project_WriteCount":0,"Zen_Project_ReadCount":0,"Zen_Project_DeleteCount":0,"Zen_Project_Oplog_WriteCount":0,"Zen_Project_Oplog_ReadCount":0,"Zen_Project_Oplog_DeleteCount":0,"Zen_Project_Op_Hits":0,"Zen_Project_Op_Misses":0,"Zen_Project_Op_Writes":0,"Zen_Project_Chunk_Hits":0,"Zen_Project_Chunk_Misses":0,"Zen_Project_Chunk_Writes":0,"Zen_Project_Requests":0,"Zen_Project_BadRequests":0,"Zen_Project_Op_HitRatio":0.0,"Zen_Project_Chunk_HitRatio":0.0,"DDC_Summary_BackEnd":"InstalledDerivedDataBackendGraph","DDC_Summary_HasLocalCache":"true","DDC_Summary_HasSharedCache":"false","DDC_Summary_HasCloudCache":"false","DDC_Summary_HasZenCache":"true","DDC_Summary_TotalGetHits":1715.0,"DDC_Summary_TotalGetMisses":111.0,"DDC_Summary_TotalGets":1826.0,"DDC_Summary_TotalGetHitPct":0.939211,"DDC_Summary_GetMissPct":0.060789,"DDC_Summary_TotalPutHits":106.0,"DDC_Summary_TotalPutMisses":0.0,"DDC_Summary_TotalPuts":106.0,"DDC_Summary_TotalPutHitPct":1.0,"DDC_Summary_PutMissPct":0.0,"DDC_Summary_LocalGetHits":0.0,"DDC_Summary_LocalGetTotal":0.0,"DDC_Summary_LocalGetHitPct":0.0,"DDC_Summary_SharedGetHits":0.0,"DDC_Summary_SharedGetTotal":0.0,"DDC_Summary_SharedGetHitPct":0.0,"DDC_Summary_ZenLocalGetHits":617.0,"DDC_Summary_ZenLocalGetTotal":728.0,"DDC_Summary_ZenLocalGetHitPct":0.847527,"DDC_Summary_ZenRemoteGetHits":0.0,"DDC_Summary_ZenRemoteGetTotal":0.0,"DDC_Summary_ZenRemoteGetHitPct":0.0,"DDC_Summary_CloudGetHits":0.0,"DDC_Summary_CloudGetTotal":0.0,"DDC_Summary_CloudGetHitPct":0.0,"DDC_Summary_LocalLatency":0.0,"DDC_Summary_LocalReadSpeed":0.0,"DDC_Summary_LocalWriteSpeed":0.0,"DDC_Summary_SharedLatency":0.0,"DDC_Summary_SharedReadSpeed":0.0,"DDC_Summary_SharedWriteSpeed":0.0,"DDC_Summary_CloudLatency":0.0,"DDC_Summary_CloudReadSpeed":0.0,"DDC_Summary_CloudWriteSpeed":0.0}
{"EventName":"Core.DDC.Resource","TimestampUTC":1729082651.692000,"RecordId":35,"ProjectName":"DoorsResourcePack","ProjectID":"00000000000000000000000000000000","Session_ID":"{996CE30F-4CF7-47A6-4D01-C3AC3C246044}","Session_Label":"","Session_StartUTC":1729082641.158,"Build_Configuration":"Development","Build_IsInternalBuild":false,"Build_IsPerforceBuild":false,"Build_IsPromotedBuild":true,"Build_BranchName":"++ue5+release-5.4","Build_Changelist":35576357,"Hardware_Platform":"Windows","Hardware_GPU":"","Hardware_CPU":"11th Gen Intel(R) Core(TM) i5-11400F @ 2.60GHz","Hardware_CPU_Cores_Physical":6,"Hardware_CPU_Cores_Logical":12,"Hardware_RAM":34205995008,"Hardware_ComputerName":"DESKTOP-VUFMNFR","Config_IsEditor":true,"Config_IsUnattended":false,"Config_IsBuildMachine":false,"Config_IsRunningCommandlet":false,"Config_IsDebuggerPresent":false,"MapName":"OpenWorld","SchemaVersion":3,"LoadingName":"TotalEditorStartup","AssetType":"Texture (Inline)","Load_Count":98,"Load_TimeSec":0.019019,"Load_SizeMB":52.432806,"Build_Count":0,"Build_TimeSec":0.0,"Build_SizeMB":0.0,"Total_Count":98,"Total_TimeSec":0.019019,"Total_SizeMB":52,"Efficiency":1.0,"Thread_TimeSec":0.019019}
{"EventName":"Core.DDC.Resource","TimestampUTC":1729082651.694000,"RecordId":36,"ProjectName":"DoorsResourcePack","ProjectID":"00000000000000000000000000000000","Session_ID":"{996CE30F-4CF7-47A6-4D01-C3AC3C246044}","Session_Label":"","Session_StartUTC":1729082641.158,"Build_Configuration":"Development","Build_IsInternalBuild":false,"Build_IsPerforceBuild":false,"Build_IsPromotedBuild":true,"Build_BranchName":"++ue5+release-5.4","Build_Changelist":35576357,"Hardware_Platform":"Windows","Hardware_GPU":"","Hardware_CPU":"11th Gen Intel(R) Core(TM) i5-11400F @ 2.60GHz","Hardware_CPU_Cores_Physical":6,"Hardware_CPU_Cores_Logical":12,"Hardware_RAM":34205995008,"Hardware_ComputerName":"DESKTOP-VUFMNFR","Config_IsEditor":true,"Config_IsUnattended":false,"Config_IsBuildMachine":false,"Config_IsRunningCommandlet":false,"Config_IsDebuggerPresent":false,"MapName":"OpenWorld","SchemaVersion":3,"LoadingName":"TotalEditorStartup","AssetType":"Texture (Streaming)","Load_Count":30,"Load_TimeSec":0.005191,"Load_SizeMB":8.521484,"Build_Count":0,"Build_TimeSec":0.0,"Build_SizeMB":0.0,"Total_Count":30,"Total_TimeSec":0.005191,"Total_SizeMB":8,"Efficiency":1.0,"Thread_TimeSec":0.005191}
{"EventName":"Core.DDC.Resource","TimestampUTC":1729082651.697000,"RecordId":37,"ProjectName":"DoorsResourcePack","ProjectID":"00000000000000000000000000000000","Session_ID":"{996CE30F-4CF7-47A6-4D01-C3AC3C246044}","Session_Label":"","Session_StartUTC":1729082641.158,"Build_Configuration":"Development","Build_IsInternalBuild":false,"Build_IsPerforceBuild":false,"Build_IsPromotedBuild":true,"Build_BranchName":"++ue5+release-5.4","Build_Changelist":35576357,"Hardware_Platform":"Windows","Hardware_GPU":"","Hardware_CPU":"11th Gen Intel(R) Core(TM) i5-11400F @ 2.60GHz","Hardware_CPU_Cores_Physical":6,"Hardware_CPU_Cores_Logical":12,"Hardware_RAM":34205995008,"Hardware_ComputerName":"DESKTOP-VUFMNFR","Config_IsEditor":true,"Config_IsUnattended":false,"Config_IsBuildMachine":false,"Config_IsRunningCommandlet":false,"Config_IsDebuggerPresent":false,"MapName":"OpenWorld","SchemaVersion":3,"LoadingName":"TotalEditorStartup","AssetType":"StaticMesh","Load_Count":36,"Load_TimeSec":0.014032,"Load_SizeMB":4.448803,"Build_Count":0,"Build_TimeSec":0.0,"Build_SizeMB":0.0,"Total_Count":36,"Total_TimeSec":0.014032,"Total_SizeMB":4,"Efficiency":1.0,"Thread_TimeSec":0.012123}
{"EventName":"Core.DDC.Resource","TimestampUTC":1729082651.698000,"RecordId":38,"ProjectName":"DoorsResourcePack","ProjectID":"00000000000000000000000000000000","Session_ID":"{996CE30F-4CF7-47A6-4D01-C3AC3C246044}","Session_Label":"","Session_StartUTC":1729082641.158,"Build_Configuration":"Development","Build_IsInternalBuild":false,"Build_IsPerforceBuild":false,"Build_IsPromotedBuild":true,"Build_BranchName":"++ue5+release-5.4","Build_Changelist":35576357,"Hardware_Platform":"Windows","Hardware_GPU":"","Hardware_CPU":"11th Gen Intel(R) Core(TM) i5-11400F @ 2.60GHz","Hardware_CPU_Cores_Physical":6,"Hardware_CPU_Cores_Logical":12,"Hardware_RAM":34205995008,"Hardware_ComputerName":"DESKTOP-VUFMNFR","Config_IsEditor":true,"Config_IsUnattended":false,"Config_IsBuildMachine":false,"Config_IsRunningCommandlet":false,"Config_IsDebuggerPresent":false,"MapName":"OpenWorld","SchemaVersion":3,"LoadingName":"TotalEditorStartup","AssetType":"GlobalShader","Load_Count":395,"Load_TimeSec":0.078196,"Load_SizeMB":125.371522,"Build_Count":0,"Build_TimeSec":0.0,"Build_SizeMB":0.0,"Total_Count":395,"Total_TimeSec":0.078196,"Total_SizeMB":125,"Efficiency":1.0,"Thread_TimeSec":0.078196}
{"EventName":"Core.DDC.Resource","TimestampUTC":1729082651.700000,"RecordId":39,"ProjectName":"DoorsResourcePack","ProjectID":"00000000000000000000000000000000","Session_ID":"{996CE30F-4CF7-47A6-4D01-C3AC3C246044}","Session_Label":"","Session_StartUTC":1729082641.158,"Build_Configuration":"Development","Build_IsInternalBuild":false,"Build_IsPerforceBuild":false,"Build_IsPromotedBuild":true,"Build_BranchName":"++ue5+release-5.4","Build_Changelist":35576357,"Hardware_Platform":"Windows","Hardware_GPU":"","Hardware_CPU":"11th Gen Intel(R) Core(TM) i5-11400F @ 2.60GHz","Hardware_CPU_Cores_Physical":6,"Hardware_CPU_Cores_Logical":12,"Hardware_RAM":34205995008,"Hardware_ComputerName":"DESKTOP-VUFMNFR","Config_IsEditor":true,"Config_IsUnattended":false,"Config_IsBuildMachine":false,"Config_IsRunningCommandlet":false,"Config_IsDebuggerPresent":false,"MapName":"OpenWorld","SchemaVersion":3,"LoadingName":"TotalEditorStartup","AssetType":"BodySetup","Load_Count":1,"Load_TimeSec":0.002724,"Load_SizeMB":1.456863,"Build_Count":0,"Build_TimeSec":0.0,"Build_SizeMB":0.0,"Total_Count":1,"Total_TimeSec":0.002724,"Total_SizeMB":1,"Efficiency":1.0,"Thread_TimeSec":0.002724}
{"EventName":"Core.DDC.Resource","TimestampUTC":1729082651.702000,"RecordId":40,"ProjectName":"DoorsResourcePack","ProjectID":"00000000000000000000000000000000","Session_ID":"{996CE30F-4CF7-47A6-4D01-C3AC3C246044}","Session_Label":"","Session_StartUTC":1729082641.158,"Build_Configuration":"Development","Build_IsInternalBuild":false,"Build_IsPerforceBuild":false,"Build_IsPromotedBuild":true,"Build_BranchName":"++ue5+release-5.4","Build_Changelist":35576357,"Hardware_Platform":"Windows","Hardware_GPU":"","Hardware_CPU":"11th Gen Intel(R) Core(TM) i5-11400F @ 2.60GHz","Hardware_CPU_Cores_Physical":6,"Hardware_CPU_Cores_Logical":12,"Hardware_RAM":34205995008,"Hardware_ComputerName":"DESKTOP-VUFMNFR","Config_IsEditor":true,"Config_IsUnattended":false,"Config_IsBuildMachine":false,"Config_IsRunningCommandlet":false,"Config_IsDebuggerPresent":false,"MapName":"OpenWorld","SchemaVersion":3,"LoadingName":"TotalEditorStartup","AssetType":"CardRepresentation","Load_Count":36,"Load_TimeSec":0.003939,"Load_SizeMB":0.010043,"Build_Count":0,"Build_TimeSec":0.0,"Build_SizeMB":0.0,"Total_Count":36,"Total_TimeSec":0.003939,"Total_SizeMB":0,"Efficiency":1.0,"Thread_TimeSec":0.003642}
{"EventName":"Core.DDC.Resource","TimestampUTC":1729082651.705000,"RecordId":41,"ProjectName":"DoorsResourcePack","ProjectID":"00000000000000000000000000000000","Session_ID":"{996CE30F-4CF7-47A6-4D01-C3AC3C246044}","Session_Label":"","Session_StartUTC":1729082641.158,"Build_Configuration":"Development","Build_IsInternalBuild":false,"Build_IsPerforceBuild":false,"Build_IsPromotedBuild":true,"Build_BranchName":"++ue5+release-5.4","Build_Changelist":35576357,"Hardware_Platform":"Windows","Hardware_GPU":"","Hardware_CPU":"11th Gen Intel(R) Core(TM) i5-11400F @ 2.60GHz","Hardware_CPU_Cores_Physical":6,"Hardware_CPU_Cores_Logical":12,"Hardware_RAM":34205995008,"Hardware_ComputerName":"DESKTOP-VUFMNFR","Config_IsEditor":true,"Config_IsUnattended":false,"Config_IsBuildMachine":false,"Config_IsRunningCommandlet":false,"Config_IsDebuggerPresent":false,"MapName":"OpenWorld","SchemaVersion":3,"LoadingName":"TotalEditorStartup","AssetType":"MaterialShader","Load_Count":4,"Load_TimeSec":0.009956,"Load_SizeMB":20.444282,"Build_Count":0,"Build_TimeSec":0.0,"Build_SizeMB":0.0,"Total_Count":4,"Total_TimeSec":0.009956,"Total_SizeMB":20,"Efficiency":1.0,"Thread_TimeSec":0.009956}
{"EventName":"Core.DDC.Resource","TimestampUTC":1729082651.707000,"RecordId":42,"ProjectName":"DoorsResourcePack","ProjectID":"00000000000000000000000000000000","Session_ID":"{996CE30F-4CF7-47A6-4D01-C3AC3C246044}","Session_Label":"","Session_StartUTC":1729082641.158,"Build_Configuration":"Development","Build_IsInternalBuild":false,"Build_IsPerforceBuild":false,"Build_IsPromotedBuild":true,"Build_BranchName":"++ue5+release-5.4","Build_Changelist":35576357,"Hardware_Platform":"Windows","Hardware_GPU":"","Hardware_CPU":"11th Gen Intel(R) Core(TM) i5-11400F @ 2.60GHz","Hardware_CPU_Cores_Physical":6,"Hardware_CPU_Cores_Logical":12,"Hardware_RAM":34205995008,"Hardware_ComputerName":"DESKTOP-VUFMNFR","Config_IsEditor":true,"Config_IsUnattended":false,"Config_IsBuildMachine":false,"Config_IsRunningCommandlet":false,"Config_IsDebuggerPresent":false,"MapName":"OpenWorld","SchemaVersion":3,"LoadingName":"TotalEditorStartup","AssetType":"DistanceField","Load_Count":36,"Load_TimeSec":0.02826,"Load_SizeMB":5.725815,"Build_Count":0,"Build_TimeSec":0.0,"Build_SizeMB":0.0,"Total_Count":36,"Total_TimeSec":0.02826,"Total_SizeMB":5,"Efficiency":1.0,"Thread_TimeSec":0.0229}
{"EventName":"Core.DDC.Resource","TimestampUTC":1729082651.708000,"RecordId":43,"ProjectName":"DoorsResourcePack","ProjectID":"00000000000000000000000000000000","Session_ID":"{996CE30F-4CF7-47A6-4D01-C3AC3C246044}","Session_Label":"","Session_StartUTC":1729082641.158,"Build_Configuration":"Development","Build_IsInternalBuild":false,"Build_IsPerforceBuild":false,"Build_IsPromotedBuild":true,"Build_BranchName":"++ue5+release-5.4","Build_Changelist":35576357,"Hardware_Platform":"Windows","Hardware_GPU":"","Hardware_CPU":"11th Gen Intel(R) Core(TM) i5-11400F @ 2.60GHz","Hardware_CPU_Cores_Physical":6,"Hardware_CPU_Cores_Logical":12,"Hardware_RAM":34205995008,"Hardware_ComputerName":"DESKTOP-VUFMNFR","Config_IsEditor":true,"Config_IsUnattended":false,"Config_IsBuildMachine":false,"Config_IsRunningCommandlet":false,"Config_IsDebuggerPresent":false,"MapName":"OpenWorld","SchemaVersion":3,"LoadingName":"TotalEditorStartup","AssetType":"Audio (Inline)","Load_Count":8,"Load_TimeSec":0.005982,"Load_SizeMB":0.006736,"Build_Count":0,"Build_TimeSec":0.0,"Build_SizeMB":0.0,"Total_Count":8,"Total_TimeSec":0.005982,"Total_SizeMB":0,"Efficiency":1.0,"Thread_TimeSec":0.005982}
{"EventName":"Core.DDC.Resource","TimestampUTC":1729082651.712000,"RecordId":44,"ProjectName":"DoorsResourcePack","ProjectID":"00000000000000000000000000000000","Session_ID":"{996CE30F-4CF7-47A6-4D01-C3AC3C246044}","Session_Label":"","Session_StartUTC":1729082641.158,"Build_Configuration":"Development","Build_IsInternalBuild":false,"Build_IsPerforceBuild":false,"Build_IsPromotedBuild":true,"Build_BranchName":"++ue5+release-5.4","Build_Changelist":35576357,"Hardware_Platform":"Windows","Hardware_GPU":"","Hardware_CPU":"11th Gen Intel(R) Core(TM) i5-11400F @ 2.60GHz","Hardware_CPU_Cores_Physical":6,"Hardware_CPU_Cores_Logical":12,"Hardware_RAM":34205995008,"Hardware_ComputerName":"DESKTOP-VUFMNFR","Config_IsEditor":true,"Config_IsUnattended":false,"Config_IsBuildMachine":false,"Config_IsRunningCommandlet":false,"Config_IsDebuggerPresent":false,"MapName":"OpenWorld","SchemaVersion":3,"LoadingName":"TotalEditorStartup","AssetType":"LandscapeCollision (Heightfield)","Load_Count":0,"Load_TimeSec":0.0,"Load_SizeMB":0.0,"Build_Count":512,"Build_TimeSec":0.318292,"Build_SizeMB":24.52832,"Total_Count":512,"Total_TimeSec":0.318292,"Total_SizeMB":24,"Efficiency":0.0,"Thread_TimeSec":0.318292}
{"EventName":"Core.DDC.Resource","TimestampUTC":1729082651.713000,"RecordId":45,"ProjectName":"DoorsResourcePack","ProjectID":"00000000000000000000000000000000","Session_ID":"{996CE30F-4CF7-47A6-4D01-C3AC3C246044}","Session_Label":"","Session_StartUTC":1729082641.158,"Build_Configuration":"Development","Build_IsInternalBuild":false,"Build_IsPerforceBuild":false,"Build_IsPromotedBuild":true,"Build_BranchName":"++ue5+release-5.4","Build_Changelist":35576357,"Hardware_Platform":"Windows","Hardware_GPU":"","Hardware_CPU":"11th Gen Intel(R) Core(TM) i5-11400F @ 2.60GHz","Hardware_CPU_Cores_Physical":6,"Hardware_CPU_Cores_Logical":12,"Hardware_RAM":34205995008,"Hardware_ComputerName":"DESKTOP-VUFMNFR","Config_IsEditor":true,"Config_IsUnattended":false,"Config_IsBuildMachine":false,"Config_IsRunningCommandlet":false,"Config_IsDebuggerPresent":false,"MapName":"OpenWorld","SchemaVersion":3,"LoadingName":"TotalEditorStartup","AssetType":"NavCollision","Load_Count":36,"Load_TimeSec":0.002887,"Load_SizeMB":0.044999,"Build_Count":0,"Build_TimeSec":0.0,"Build_SizeMB":0.0,"Total_Count":36,"Total_TimeSec":0.002887,"Total_SizeMB":0,"Efficiency":1.0,"Thread_TimeSec":0.002537}
{"EventName":"Core.DDC.Resource","TimestampUTC":1729082651.716000,"RecordId":46,"ProjectName":"DoorsResourcePack","ProjectID":"00000000000000000000000000000000","Session_ID":"{996CE30F-4CF7-47A6-4D01-C3AC3C246044}","Session_Label":"","Session_StartUTC":1729082641.158,"Build_Configuration":"Development","Build_IsInternalBuild":false,"Build_IsPerforceBuild":false,"Build_IsPromotedBuild":true,"Build_BranchName":"++ue5+release-5.4","Build_Changelist":35576357,"Hardware_Platform":"Windows","Hardware_GPU":"","Hardware_CPU":"11th Gen Intel(R) Core(TM) i5-11400F @ 2.60GHz","Hardware_CPU_Cores_Physical":6,"Hardware_CPU_Cores_Logical":12,"Hardware_RAM":34205995008,"Hardware_ComputerName":"DESKTOP-VUFMNFR","Config_IsEditor":true,"Config_IsUnattended":false,"Config_IsBuildMachine":false,"Config_IsRunningCommandlet":false,"Config_IsDebuggerPresent":false,"MapName":"OpenWorld","SchemaVersion":3,"LoadingName":"TotalEditorStartup","AssetType":"Total","Load_Count":680,"Load_TimeSec":0.170186,"Load_SizeMB":218.463353,"Build_Count":512,"Build_TimeSec":0.318292,"Build_SizeMB":24.52832,"Total_Count":1192,"Total_TimeSec":0.488478,"Total_SizeMB":242,"Efficiency":0.57047,"Thread_TimeSec":0.480562}
{"EventName":"Core.DDC.Summary","TimestampUTC":1729082651.719000,"RecordId":47,"ProjectName":"DoorsResourcePack","ProjectID":"00000000000000000000000000000000","Session_ID":"{996CE30F-4CF7-47A6-4D01-C3AC3C246044}","Session_Label":"","Session_StartUTC":1729082641.158,"Build_Configuration":"Development","Build_IsInternalBuild":false,"Build_IsPerforceBuild":false,"Build_IsPromotedBuild":true,"Build_BranchName":"++ue5+release-5.4","Build_Changelist":35576357,"Hardware_Platform":"Windows","Hardware_GPU":"","Hardware_CPU":"11th Gen Intel(R) Core(TM) i5-11400F @ 2.60GHz","Hardware_CPU_Cores_Physical":6,"Hardware_CPU_Cores_Logical":12,"Hardware_RAM":34205995008,"Hardware_ComputerName":"DESKTOP-VUFMNFR","Config_IsEditor":true,"Config_IsUnattended":false,"Config_IsBuildMachine":false,"Config_IsRunningCommandlet":false,"Config_IsDebuggerPresent":false,"MapName":"OpenWorld","SchemaVersion":3,"LoadingName":"TotalEditorStartup","BackEnd":"InstalledDerivedDataBackendGraph","HasLocalCache":"true","HasSharedCache":"false","HasCloudCache":"false","HasZenCache":"true","TotalGetHits":1715.0,"TotalGetMisses":111.0,"TotalGets":1826.0,"TotalGetHitPct":0.939211,"GetMissPct":0.060789,"TotalPutHits":106.0,"TotalPutMisses":0.0,"TotalPuts":106.0,"TotalPutHitPct":1.0,"PutMissPct":0.0,"LocalGetHits":0.0,"LocalGetTotal":0.0,"LocalGetHitPct":0.0,"SharedGetHits":0.0,"SharedGetTotal":0.0,"SharedGetHitPct":0.0,"ZenLocalGetHits":617.0,"ZenLocalGetTotal":728.0,"ZenLocalGetHitPct":0.847527,"ZenRemoteGetHits":0.0,"ZenRemoteGetTotal":0.0,"ZenRemoteGetHitPct":0.0,"CloudGetHits":0.0,"CloudGetTotal":0.0,"CloudGetHitPct":0.0,"LocalLatency":0.0,"LocalReadSpeed":0.0,"LocalWriteSpeed":0.0,"SharedLatency":0.0,"SharedReadSpeed":0.0,"SharedWriteSpeed":0.0,"CloudLatency":0.0,"CloudReadSpeed":0.0,"CloudWriteSpeed":0.0}
{"EventName":"Core.Zen","TimestampUTC":1729082651.721000,"RecordId":48,"ProjectName":"DoorsResourcePack","ProjectID":"00000000000000000000000000000000","Session_ID":"{996CE30F-4CF7-47A6-4D01-C3AC3C246044}","Session_Label":"","Session_StartUTC":1729082641.158,"Build_Configuration":"Development","Build_IsInternalBuild":false,"Build_IsPerforceBuild":false,"Build_IsPromotedBuild":true,"Build_BranchName":"++ue5+release-5.4","Build_Changelist":35576357,"Hardware_Platform":"Windows","Hardware_GPU":"","Hardware_CPU":"11th Gen Intel(R) Core(TM) i5-11400F @ 2.60GHz","Hardware_CPU_Cores_Physical":6,"Hardware_CPU_Cores_Logical":12,"Hardware_RAM":34205995008,"Hardware_ComputerName":"DESKTOP-VUFMNFR","Config_IsEditor":true,"Config_IsUnattended":false,"Config_IsBuildMachine":false,"Config_IsRunningCommandlet":false,"Config_IsDebuggerPresent":false,"MapName":"OpenWorld","SchemaVersion":1,"LoadingName":"TotalEditorStartup","Zen_Enabled":true,"Zen_Cache_Size_Disk":994001449.0,"Zen_Cache_Size_Memory":34328.0,"Zen_Cache_Hits":712,"Zen_Cache_Misses":6,"Zen_Cache_Writes":106,"Zen_Cache_HitRatio":0.991643,"Zen_Cache_Cas_Hits":453,"Zen_Cache_Cas_Misses":0,"Zen_Cache_Cas_Writes":0,"Zen_Cache_Requests":463,"Zen_Cache_BadRequests":0,"Zen_Cache_Requests_Count":463,"Zen_Cache_Requests_RateMean":53.993873,"Zen_Cache_Requests_TAverage":0.000257,"Zen_Cache_Requests_TMin":0.000013,"Zen_Cache_Requests_TMax":0.004133,"Zen_Cache_TotalUploadedMB":0.0,"Zen_Upstream_TotalDownloadedMB":0.0,"Zen_Upstream_TotalUploadedMB":0.0,"Zen_Upstream_Requests_Count":0,"Zen_Upstream_Requests_RateMean":0.0,"Zen_Upstream_Requests_TAverage":0.0,"Zen_Upstream_Requests_TMin":0.0,"Zen_Upstream_Requests_TMax":0.0,"Zen_Cas_Size_Large":2443554,"Zen_Cas_Size_Small":281323397,"Zen_Cas_Size_Tiny":299006,"Zen_Cas_Size_Total":284065957,"Zen_Project_Size_Disk":0.0,"Zen_Project_Size_Memory":0.0,"Zen_Project_WriteCount":0,"Zen_Project_ReadCount":0,"Zen_Project_DeleteCount":0,"Zen_Project_Oplog_WriteCount":0,"Zen_Project_Oplog_ReadCount":0,"Zen_Project_Oplog_DeleteCount":0,"Zen_Project_Op_Hits":0,"Zen_Project_Op_Misses":0,"Zen_Project_Op_Writes":0,"Zen_Project_Chunk_Hits":0,"Zen_Project_Chunk_Misses":0,"Zen_Project_Chunk_Writes":0,"Zen_Project_Requests":0,"Zen_Project_BadRequests":0,"Zen_Project_Op_HitRatio":0.0,"Zen_Project_Chunk_HitRatio":0.0}
{"EventName":"Editor.AssetView.BackendFilter","TimestampUTC":1729082652.194000,"RecordId":49,"ProjectName":"DoorsResourcePack","ProjectID":"00000000000000000000000000000000","Session_ID":"{996CE30F-4CF7-47A6-4D01-C3AC3C246044}","Session_Label":"","Session_StartUTC":1729082641.158,"Build_Configuration":"Development","Build_IsInternalBuild":false,"Build_IsPerforceBuild":false,"Build_IsPromotedBuild":true,"Build_BranchName":"++ue5+release-5.4","Build_Changelist":35576357,"Hardware_Platform":"Windows","Hardware_GPU":"","Hardware_CPU":"11th Gen Intel(R) Core(TM) i5-11400F @ 2.60GHz","Hardware_CPU_Cores_Physical":6,"Hardware_CPU_Cores_Logical":12,"Hardware_RAM":34205995008,"Hardware_ComputerName":"DESKTOP-VUFMNFR","Config_IsEditor":true,"Config_IsUnattended":false,"Config_IsBuildMachine":false,"Config_IsRunningCommandlet":false,"Config_IsDebuggerPresent":false,"SchemaVersion":1,"ViewCorrelationGuid":"80DAEA0642DC0834C09A918EC5A77E2E","FilterSessionCorrelationGuid":"410953894FCAEE959A8B569EA6B1D670","HasCustomItemSources":false,"RefreshSourceItemsDurationSeconds":0.003539,"NumBackendItems":3,"DataFilter":{"RecursivePaths":false,"ItemTypeFilter":"IncludeFolders | IncludeFiles","ItemCategoryFilter":"IncludeAssets | IncludeClasses | IncludeCollections | IncludeMisc","ItemAttributeFilter":"IncludeProject | IncludeEngine | IncludePlugins"}}
{"EventName":"Editor.AssetView.FrontendFilter","TimestampUTC":1729082652.197000,"RecordId":50,"ProjectName":"DoorsResourcePack","ProjectID":"00000000000000000000000000000000","Session_ID":"{996CE30F-4CF7-47A6-4D01-C3AC3C246044}","Session_Label":"","Session_StartUTC":1729082641.158,"Build_Configuration":"Development","Build_IsInternalBuild":false,"Build_IsPerforceBuild":false,"Build_IsPromotedBuild":true,"Build_BranchName":"++ue5+release-5.4","Build_Changelist":35576357,"Hardware_Platform":"Windows","Hardware_GPU":"","Hardware_CPU":"11th Gen Intel(R) Core(TM) i5-11400F @ 2.60GHz","Hardware_CPU_Cores_Physical":6,"Hardware_CPU_Cores_Logical":12,"Hardware_RAM":34205995008,"Hardware_ComputerName":"DESKTOP-VUFMNFR","Config_IsEditor":true,"Config_IsUnattended":false,"Config_IsBuildMachine":false,"Config_IsRunningCommandlet":false,"Config_IsDebuggerPresent":false,"SchemaVersion":1,"ViewCorrelationGuid":"80DAEA0642DC0834C09A918EC5A77E2E","FilterSessionCorrelationGuid":"410953894FCAEE959A8B569EA6B1D670","TotalItemsToFilter":3,"PriorityItemsToFilter":0,"TotalResults":2,"AmortizeDurationSeconds":0.000073,"WorkDurationSeconds":0.000074,"ResultLatency":"0.000061","TimeUntilInteractionSeconds":"null","Completed":true,"FrontendFilters":["ShowOtherDevelopers","ShowRedirectors"]}
{"EventName":"Editor.AssetRegistry.InitialScan","TimestampUTC":1729082653.002000,"RecordId":51,"ProjectName":"DoorsResourcePack","ProjectID":"00000000000000000000000000000000","Session_ID":"{996CE30F-4CF7-47A6-4D01-C3AC3C246044}","Session_Label":"","Session_StartUTC":1729082641.158,"Build_Configuration":"Development","Build_IsInternalBuild":false,"Build_IsPerforceBuild":false,"Build_IsPromotedBuild":true,"Build_BranchName":"++ue5+release-5.4","Build_Changelist":35576357,"Hardware_Platform":"Windows","Hardware_GPU":"","Hardware_CPU":"11th Gen Intel(R) Core(TM) i5-11400F @ 2.60GHz","Hardware_CPU_Cores_Physical":6,"Hardware_CPU_Cores_Logical":12,"Hardware_RAM":34205995008,"Hardware_ComputerName":"DESKTOP-VUFMNFR","Config_IsEditor":true,"Config_IsUnattended":false,"Config_IsBuildMachine":false,"Config_IsRunningCommandlet":false,"Config_IsDebuggerPresent":false,"SchemaVersion":1,"TotalDurationSeconds":7.34478,"TotalWorkSeconds":0.093987,"DiscoverySeconds":0.025024,"GatherSeconds":0.025112,"StoreSeconds":0.043851,"NumCachedDirectories":0,"NumUncachedDirectories":1775,"NumCachedAssetFiles":7474,"NumUncachedAssetFiles":0}
{"EventName":"Editor.AssetView.BackendFilter","TimestampUTC":1729082653.627000,"RecordId":52,"ProjectName":"DoorsResourcePack","ProjectID":"00000000000000000000000000000000","Session_ID":"{996CE30F-4CF7-47A6-4D01-C3AC3C246044}","Session_Label":"","Session_StartUTC":1729082641.158,"Build_Configuration":"Development","Build_IsInternalBuild":false,"Build_IsPerforceBuild":false,"Build_IsPromotedBuild":true,"Build_BranchName":"++ue5+release-5.4","Build_Changelist":35576357,"Hardware_Platform":"Windows","Hardware_GPU":"","Hardware_CPU":"11th Gen Intel(R) Core(TM) i5-11400F @ 2.60GHz","Hardware_CPU_Cores_Physical":6,"Hardware_CPU_Cores_Logical":12,"Hardware_RAM":34205995008,"Hardware_ComputerName":"DESKTOP-VUFMNFR","Config_IsEditor":true,"Config_IsUnattended":false,"Config_IsBuildMachine":false,"Config_IsRunningCommandlet":false,"Config_IsDebuggerPresent":false,"SchemaVersion":1,"ViewCorrelationGuid":"80DAEA0642DC0834C09A918EC5A77E2E","FilterSessionCorrelationGuid":"3F1E5E7A407908A911857DA3293B4E47","HasCustomItemSources":false,"RefreshSourceItemsDurationSeconds":0.004045,"NumBackendItems":3,"DataFilter":{"RecursivePaths":false,"ItemTypeFilter":"IncludeFolders | IncludeFiles","ItemCategoryFilter":"IncludeAssets | IncludeClasses | IncludeCollections | IncludeMisc","ItemAttributeFilter":"IncludeProject | IncludeEngine | IncludePlugins"}}
{"EventName":"Editor.AssetView.FrontendFilter","TimestampUTC":1729082653.629000,"RecordId":53,"ProjectName":"DoorsResourcePack","ProjectID":"00000000000000000000000000000000","Session_ID":"{996CE30F-4CF7-47A6-4D01-C3AC3C246044}","Session_Label":"","Session_StartUTC":1729082641.158,"Build_Configuration":"Development","Build_IsInternalBuild":false,"Build_IsPerforceBuild":false,"Build_IsPromotedBuild":true,"Build_BranchName":"++ue5+release-5.4","Build_Changelist":35576357,"Hardware_Platform":"Windows","Hardware_GPU":"","Hardware_CPU":"11th Gen Intel(R) Core(TM) i5-11400F @ 2.60GHz","Hardware_CPU_Cores_Physical":6,"Hardware_CPU_Cores_Logical":12,"Hardware_RAM":34205995008,"Hardware_ComputerName":"DESKTOP-VUFMNFR","Config_IsEditor":true,"Config_IsUnattended":false,"Config_IsBuildMachine":false,"Config_IsRunningCommandlet":false,"Config_IsDebuggerPresent":false,"SchemaVersion":1,"ViewCorrelationGuid":"80DAEA0642DC0834C09A918EC5A77E2E","FilterSessionCorrelationGuid":"3F1E5E7A407908A911857DA3293B4E47","TotalItemsToFilter":3,"PriorityItemsToFilter":0,"TotalResults":2,"AmortizeDurationSeconds":0.000051,"WorkDurationSeconds":0.000052,"ResultLatency":"0.000043","TimeUntilInteractionSeconds":"null","Completed":true,"FrontendFilters":["ShowOtherDevelopers","ShowRedirectors"]}
{"EventName":"Span","TimestampUTC":1729082802.715000,"RecordId":54,"ProjectName":"DoorsResourcePack","ProjectID":"00000000000000000000000000000000","Session_ID":"{996CE30F-4CF7-47A6-4D01-C3AC3C246044}","Session_Label":"","Session_StartUTC":1729082641.158,"Build_Configuration":"Development","Build_IsInternalBuild":false,"Build_IsPerforceBuild":false,"Build_IsPromotedBuild":true,"Build_BranchName":"++ue5+release-5.4","Build_Changelist":35576357,"Hardware_Platform":"Windows","Hardware_GPU":"","Hardware_CPU":"11th Gen Intel(R) Core(TM) i5-11400F @ 2.60GHz","Hardware_CPU_Cores_Physical":6,"Hardware_CPU_Cores_Logical":12,"Hardware_RAM":34205995008,"Hardware_ComputerName":"DESKTOP-VUFMNFR","Config_IsEditor":true,"Config_IsUnattended":false,"Config_IsBuildMachine":false,"Config_IsRunningCommandlet":false,"Config_IsDebuggerPresent":false,"Hitch_Count":299,"Hitch_HitchesPerSecond":null,"Hitch_AverageFPS":96.73468,"SchemaVersion":1,"Span_Name":"Hitching","Span_GUID":"46910A9042B7A7AFB7851E80261A3E81","Span_ParentName":"Editor.Interact","Span_ThreadId":19052,"Span_Depth":3,"Span_StartUTC":1729082653.582,"Span_EndUTC":1729082802.715,"Span_TimeInSec":149.133}
{"EventName":"Span","TimestampUTC":1729082802.724000,"RecordId":55,"ProjectName":"DoorsResourcePack","ProjectID":"00000000000000000000000000000000","Session_ID":"{996CE30F-4CF7-47A6-4D01-C3AC3C246044}","Session_Label":"","Session_StartUTC":1729082641.158,"Build_Configuration":"Development","Build_IsInternalBuild":false,"Build_IsPerforceBuild":false,"Build_IsPromotedBuild":true,"Build_BranchName":"++ue5+release-5.4","Build_Changelist":35576357,"Hardware_Platform":"Windows","Hardware_GPU":"","Hardware_CPU":"11th Gen Intel(R) Core(TM) i5-11400F @ 2.60GHz","Hardware_CPU_Cores_Physical":6,"Hardware_CPU_Cores_Logical":12,"Hardware_RAM":34205995008,"Hardware_ComputerName":"DESKTOP-VUFMNFR","Config_IsEditor":true,"Config_IsUnattended":false,"Config_IsBuildMachine":false,"Config_IsRunningCommandlet":false,"Config_IsDebuggerPresent":false,"Hitch_Count":299,"Hitch_HitchesPerSecond":null,"Hitch_AverageFPS":96.73468,"SchemaVersion":1,"Span_Name":"Asset Registry Scan","Span_GUID":"F4D43EF6490D9AB267AC70A108077E12","Span_ParentName":"Hitching","Span_ThreadId":19052,"Span_Depth":4,"Span_StartUTC":1729082653.582,"Span_EndUTC":1729082802.724,"Span_TimeInSec":149.142}
{"EventName":"Core.Hitch","TimestampUTC":1729082802.730000,"RecordId":56,"ProjectName":"DoorsResourcePack","ProjectID":"00000000000000000000000000000000","Session_ID":"{996CE30F-4CF7-47A6-4D01-C3AC3C246044}","Session_Label":"","Session_StartUTC":1729082641.158,"Build_Configuration":"Development","Build_IsInternalBuild":false,"Build_IsPerforceBuild":false,"Build_IsPromotedBuild":true,"Build_BranchName":"++ue5+release-5.4","Build_Changelist":35576357,"Hardware_Platform":"Windows","Hardware_GPU":"","Hardware_CPU":"11th Gen Intel(R) Core(TM) i5-11400F @ 2.60GHz","Hardware_CPU_Cores_Physical":6,"Hardware_CPU_Cores_Logical":12,"Hardware_RAM":34205995008,"Hardware_ComputerName":"DESKTOP-VUFMNFR","Config_IsEditor":true,"Config_IsUnattended":false,"Config_IsBuildMachine":false,"Config_IsRunningCommandlet":false,"Config_IsDebuggerPresent":false,"Hitch_Count":299,"Hitch_HitchesPerSecond":null,"Hitch_AverageFPS":96.73468}
{"EventName":"Core.DDC.Resource","TimestampUTC":1729082802.733000,"RecordId":57,"ProjectName":"DoorsResourcePack","ProjectID":"00000000000000000000000000000000","Session_ID":"{996CE30F-4CF7-47A6-4D01-C3AC3C246044}","Session_Label":"","Session_StartUTC":1729082641.158,"Build_Configuration":"Development","Build_IsInternalBuild":false,"Build_IsPerforceBuild":false,"Build_IsPromotedBuild":true,"Build_BranchName":"++ue5+release-5.4","Build_Changelist":35576357,"Hardware_Platform":"Windows","Hardware_GPU":"","Hardware_CPU":"11th Gen Intel(R) Core(TM) i5-11400F @ 2.60GHz","Hardware_CPU_Cores_Physical":6,"Hardware_CPU_Cores_Logical":12,"Hardware_RAM":34205995008,"Hardware_ComputerName":"DESKTOP-VUFMNFR","Config_IsEditor":true,"Config_IsUnattended":false,"Config_IsBuildMachine":false,"Config_IsRunningCommandlet":false,"Config_IsDebuggerPresent":false,"SchemaVersion":3,"LoadingName":"Hitch","AssetType":"Texture (Inline)","Load_Count":1017,"Load_TimeSec":0.020632,"Load_SizeMB":127.930283,"Build_Count":0,"Build_TimeSec":0.0,"Build_SizeMB":0.0,"Total_Count":1017,"Total_TimeSec":0.020632,"Total_SizeMB":127,"Efficiency":1.0,"Thread_TimeSec":0.020632}
{"EventName":"Core.DDC.Resource","TimestampUTC":1729082802.735000,"RecordId":58,"ProjectName":"DoorsResourcePack","ProjectID":"00000000000000000000000000000000","Session_ID":"{996CE30F-4CF7-47A6-4D01-C3AC3C246044}","Session_Label":"","Session_StartUTC":1729082641.158,"Build_Configuration":"Development","Build_IsInternalBuild":false,"Build_IsPerforceBuild":false,"Build_IsPromotedBuild":true,"Build_BranchName":"++ue5+release-5.4","Build_Changelist":35576357,"Hardware_Platform":"Windows","Hardware_GPU":"","Hardware_CPU":"11th Gen Intel(R) Core(TM) i5-11400F @ 2.60GHz","Hardware_CPU_Cores_Physical":6,"Hardware_CPU_Cores_Logical":12,"Hardware_RAM":34205995008,"Hardware_ComputerName":"DESKTOP-VUFMNFR","Config_IsEditor":true,"Config_IsUnattended":false,"Config_IsBuildMachine":false,"Config_IsRunningCommandlet":false,"Config_IsDebuggerPresent":false,"SchemaVersion":3,"LoadingName":"Hitch","AssetType":"Texture (Streaming)","Load_Count":35,"Load_TimeSec":0.010397,"Load_SizeMB":12.153809,"Build_Count":0,"Build_TimeSec":0.0,"Build_SizeMB":0.0,"Total_Count":35,"Total_TimeSec":0.010397,"Total_SizeMB":12,"Efficiency":1.0,"Thread_TimeSec":0.010397}
{"EventName":"Core.DDC.Resource","TimestampUTC":1729082802.737000,"RecordId":59,"ProjectName":"DoorsResourcePack","ProjectID":"00000000000000000000000000000000","Session_ID":"{996CE30F-4CF7-47A6-4D01-C3AC3C246044}","Session_Label":"","Session_StartUTC":1729082641.158,"Build_Configuration":"Development","Build_IsInternalBuild":false,"Build_IsPerforceBuild":false,"Build_IsPromotedBuild":true,"Build_BranchName":"++ue5+release-5.4","Build_Changelist":35576357,"Hardware_Platform":"Windows","Hardware_GPU":"","Hardware_CPU":"11th Gen Intel(R) Core(TM) i5-11400F @ 2.60GHz","Hardware_CPU_Cores_Physical":6,"Hardware_CPU_Cores_Logical":12,"Hardware_RAM":34205995008,"Hardware_ComputerName":"DESKTOP-VUFMNFR","Config_IsEditor":true,"Config_IsUnattended":false,"Config_IsBuildMachine":false,"Config_IsRunningCommandlet":false,"Config_IsDebuggerPresent":false,"SchemaVersion":3,"LoadingName":"Hitch","AssetType":"StaticMesh","Load_Count":100,"Load_TimeSec":0.024748,"Load_SizeMB":4.604504,"Build_Count":0,"Build_TimeSec":0.0,"Build_SizeMB":0.0,"Total_Count":100,"Total_TimeSec":0.024748,"Total_SizeMB":4,"Efficiency":1.0,"Thread_TimeSec":0.012123}
{"EventName":"Core.DDC.Resource","TimestampUTC":1729082802.739000,"RecordId":60,"ProjectName":"DoorsResourcePack","ProjectID":"00000000000000000000000000000000","Session_ID":"{996CE30F-4CF7-47A6-4D01-C3AC3C246044}","Session_Label":"","Session_StartUTC":1729082641.158,"Build_Configuration":"Development","Build_IsInternalBuild":false,"Build_IsPerforceBuild":false,"Build_IsPromotedBuild":true,"Build_BranchName":"++ue5+release-5.4","Build_Changelist":35576357,"Hardware_Platform":"Windows","Hardware_GPU":"","Hardware_CPU":"11th Gen Intel(R) Core(TM) i5-11400F @ 2.60GHz","Hardware_CPU_Cores_Physical":6,"Hardware_CPU_Cores_Logical":12,"Hardware_RAM":34205995008,"Hardware_ComputerName":"DESKTOP-VUFMNFR","Config_IsEditor":true,"Config_IsUnattended":false,"Config_IsBuildMachine":false,"Config_IsRunningCommandlet":false,"Config_IsDebuggerPresent":false,"SchemaVersion":3,"LoadingName":"Hitch","AssetType":"GlobalShader","Load_Count":395,"Load_TimeSec":0.078196,"Load_SizeMB":125.371522,"Build_Count":0,"Build_TimeSec":0.0,"Build_SizeMB":0.0,"Total_Count":395,"Total_TimeSec":0.078196,"Total_SizeMB":125,"Efficiency":1.0,"Thread_TimeSec":0.078196}
{"EventName":"Core.DDC.Resource","TimestampUTC":1729082802.741000,"RecordId":61,"ProjectName":"DoorsResourcePack","ProjectID":"00000000000000000000000000000000","Session_ID":"{996CE30F-4CF7-47A6-4D01-C3AC3C246044}","Session_Label":"","Session_StartUTC":1729082641.158,"Build_Configuration":"Development","Build_IsInternalBuild":false,"Build_IsPerforceBuild":false,"Build_IsPromotedBuild":true,"Build_BranchName":"++ue5+release-5.4","Build_Changelist":35576357,"Hardware_Platform":"Windows","Hardware_GPU":"","Hardware_CPU":"11th Gen Intel(R) Core(TM) i5-11400F @ 2.60GHz","Hardware_CPU_Cores_Physical":6,"Hardware_CPU_Cores_Logical":12,"Hardware_RAM":34205995008,"Hardware_ComputerName":"DESKTOP-VUFMNFR","Config_IsEditor":true,"Config_IsUnattended":false,"Config_IsBuildMachine":false,"Config_IsRunningCommandlet":false,"Config_IsDebuggerPresent":false,"SchemaVersion":3,"LoadingName":"Hitch","AssetType":"BodySetup","Load_Count":1,"Load_TimeSec":0.002724,"Load_SizeMB":1.456863,"Build_Count":0,"Build_TimeSec":0.0,"Build_SizeMB":0.0,"Total_Count":1,"Total_TimeSec":0.002724,"Total_SizeMB":1,"Efficiency":1.0,"Thread_TimeSec":0.002724}
{"EventName":"Core.DDC.Resource","TimestampUTC":1729082802.743000,"RecordId":62,"ProjectName":"DoorsResourcePack","ProjectID":"00000000000000000000000000000000","Session_ID":"{996CE30F-4CF7-47A6-4D01-C3AC3C246044}","Session_Label":"","Session_StartUTC":1729082641.158,"Build_Configuration":"Development","Build_IsInternalBuild":false,"Build_IsPerforceBuild":false,"Build_IsPromotedBuild":true,"Build_BranchName":"++ue5+release-5.4","Build_Changelist":35576357,"Hardware_Platform":"Windows","Hardware_GPU":"","Hardware_CPU":"11th Gen Intel(R) Core(TM) i5-11400F @ 2.60GHz","Hardware_CPU_Cores_Physical":6,"Hardware_CPU_Cores_Logical":12,"Hardware_RAM":34205995008,"Hardware_ComputerName":"DESKTOP-VUFMNFR","Config_IsEditor":true,"Config_IsUnattended":false,"Config_IsBuildMachine":false,"Config_IsRunningCommandlet":false,"Config_IsDebuggerPresent":false,"SchemaVersion":3,"LoadingName":"Hitch","AssetType":"CardRepresentation","Load_Count":100,"Load_TimeSec":0.031793,"Load_SizeMB":0.022888,"Build_Count":0,"Build_TimeSec":0.0,"Build_SizeMB":0.0,"Total_Count":100,"Total_TimeSec":0.031793,"Total_SizeMB":0,"Efficiency":1.0,"Thread_TimeSec":0.003642}
{"EventName":"Core.DDC.Resource","TimestampUTC":1729082802.744000,"RecordId":63,"ProjectName":"DoorsResourcePack","ProjectID":"00000000000000000000000000000000","Session_ID":"{996CE30F-4CF7-47A6-4D01-C3AC3C246044}","Session_Label":"","Session_StartUTC":1729082641.158,"Build_Configuration":"Development","Build_IsInternalBuild":false,"Build_IsPerforceBuild":false,"Build_IsPromotedBuild":true,"Build_BranchName":"++ue5+release-5.4","Build_Changelist":35576357,"Hardware_Platform":"Windows","Hardware_GPU":"","Hardware_CPU":"11th Gen Intel(R) Core(TM) i5-11400F @ 2.60GHz","Hardware_CPU_Cores_Physical":6,"Hardware_CPU_Cores_Logical":12,"Hardware_RAM":34205995008,"Hardware_ComputerName":"DESKTOP-VUFMNFR","Config_IsEditor":true,"Config_IsUnattended":false,"Config_IsBuildMachine":false,"Config_IsRunningCommandlet":false,"Config_IsDebuggerPresent":false,"SchemaVersion":3,"LoadingName":"Hitch","AssetType":"MaterialShader","Load_Count":4,"Load_TimeSec":0.009956,"Load_SizeMB":20.444282,"Build_Count":2,"Build_TimeSec":0.024331,"Build_SizeMB":6.090926,"Total_Count":6,"Total_TimeSec":0.034287,"Total_SizeMB":26,"Efficiency":0.666667,"Thread_TimeSec":0.034287}
{"EventName":"Core.DDC.Resource","TimestampUTC":1729082802.747000,"RecordId":64,"ProjectName":"DoorsResourcePack","ProjectID":"00000000000000000000000000000000","Session_ID":"{996CE30F-4CF7-47A6-4D01-C3AC3C246044}","Session_Label":"","Session_StartUTC":1729082641.158,"Build_Configuration":"Development","Build_IsInternalBuild":false,"Build_IsPerforceBuild":false,"Build_IsPromotedBuild":true,"Build_BranchName":"++ue5+release-5.4","Build_Changelist":35576357,"Hardware_Platform":"Windows","Hardware_GPU":"","Hardware_CPU":"11th Gen Intel(R) Core(TM) i5-11400F @ 2.60GHz","Hardware_CPU_Cores_Physical":6,"Hardware_CPU_Cores_Logical":12,"Hardware_RAM":34205995008,"Hardware_ComputerName":"DESKTOP-VUFMNFR","Config_IsEditor":true,"Config_IsUnattended":false,"Config_IsBuildMachine":false,"Config_IsRunningCommandlet":false,"Config_IsDebuggerPresent":false,"SchemaVersion":3,"LoadingName":"Hitch","AssetType":"DistanceField","Load_Count":100,"Load_TimeSec":0.251715,"Load_SizeMB":122.25388,"Build_Count":0,"Build_TimeSec":0.0,"Build_SizeMB":0.0,"Total_Count":100,"Total_TimeSec":0.251715,"Total_SizeMB":122,"Efficiency":1.0,"Thread_TimeSec":0.0229}
{"EventName":"Core.DDC.Resource","TimestampUTC":1729082802.749000,"RecordId":65,"ProjectName":"DoorsResourcePack","ProjectID":"00000000000000000000000000000000","Session_ID":"{996CE30F-4CF7-47A6-4D01-C3AC3C246044}","Session_Label":"","Session_StartUTC":1729082641.158,"Build_Configuration":"Development","Build_IsInternalBuild":false,"Build_IsPerforceBuild":false,"Build_IsPromotedBuild":true,"Build_BranchName":"++ue5+release-5.4","Build_Changelist":35576357,"Hardware_Platform":"Windows","Hardware_GPU":"","Hardware_CPU":"11th Gen Intel(R) Core(TM) i5-11400F @ 2.60GHz","Hardware_CPU_Cores_Physical":6,"Hardware_CPU_Cores_Logical":12,"Hardware_RAM":34205995008,"Hardware_ComputerName":"DESKTOP-VUFMNFR","Config_IsEditor":true,"Config_IsUnattended":false,"Config_IsBuildMachine":false,"Config_IsRunningCommandlet":false,"Config_IsDebuggerPresent":false,"SchemaVersion":3,"LoadingName":"Hitch","AssetType":"Audio (Inline)","Load_Count":8,"Load_TimeSec":0.005982,"Load_SizeMB":0.006736,"Build_Count":0,"Build_TimeSec":0.0,"Build_SizeMB":0.0,"Total_Count":8,"Total_TimeSec":0.005982,"Total_SizeMB":0,"Efficiency":1.0,"Thread_TimeSec":0.005982}
{"EventName":"Core.DDC.Resource","TimestampUTC":1729082802.751000,"RecordId":66,"ProjectName":"DoorsResourcePack","ProjectID":"00000000000000000000000000000000","Session_ID":"{996CE30F-4CF7-47A6-4D01-C3AC3C246044}","Session_Label":"","Session_StartUTC":1729082641.158,"Build_Configuration":"Development","Build_IsInternalBuild":false,"Build_IsPerforceBuild":false,"Build_IsPromotedBuild":true,"Build_BranchName":"++ue5+release-5.4","Build_Changelist":35576357,"Hardware_Platform":"Windows","Hardware_GPU":"","Hardware_CPU":"11th Gen Intel(R) Core(TM) i5-11400F @ 2.60GHz","Hardware_CPU_Cores_Physical":6,"Hardware_CPU_Cores_Logical":12,"Hardware_RAM":34205995008,"Hardware_ComputerName":"DESKTOP-VUFMNFR","Config_IsEditor":true,"Config_IsUnattended":false,"Config_IsBuildMachine":false,"Config_IsRunningCommandlet":false,"Config_IsDebuggerPresent":false,"SchemaVersion":3,"LoadingName":"Hitch","AssetType":"LandscapeCollision (Heightfield)","Load_Count":0,"Load_TimeSec":0.0,"Load_SizeMB":0.0,"Build_Count":512,"Build_TimeSec":0.318292,"Build_SizeMB":24.52832,"Total_Count":512,"Total_TimeSec":0.318292,"Total_SizeMB":24,"Efficiency":0.0,"Thread_TimeSec":0.318292}
{"EventName":"Core.DDC.Resource","TimestampUTC":1729082802.753000,"RecordId":67,"ProjectName":"DoorsResourcePack","ProjectID":"00000000000000000000000000000000","Session_ID":"{996CE30F-4CF7-47A6-4D01-C3AC3C246044}","Session_Label":"","Session_StartUTC":1729082641.158,"Build_Configuration":"Development","Build_IsInternalBuild":false,"Build_IsPerforceBuild":false,"Build_IsPromotedBuild":true,"Build_BranchName":"++ue5+release-5.4","Build_Changelist":35576357,"Hardware_Platform":"Windows","Hardware_GPU":"","Hardware_CPU":"11th Gen Intel(R) Core(TM) i5-11400F @ 2.60GHz","Hardware_CPU_Cores_Physical":6,"Hardware_CPU_Cores_Logical":12,"Hardware_RAM":34205995008,"Hardware_ComputerName":"DESKTOP-VUFMNFR","Config_IsEditor":true,"Config_IsUnattended":false,"Config_IsBuildMachine":false,"Config_IsRunningCommandlet":false,"Config_IsDebuggerPresent":false,"SchemaVersion":3,"LoadingName":"Hitch","AssetType":"NavCollision","Load_Count":36,"Load_TimeSec":0.002887,"Load_SizeMB":0.044999,"Build_Count":0,"Build_TimeSec":0.0,"Build_SizeMB":0.0,"Total_Count":36,"Total_TimeSec":0.002887,"Total_SizeMB":0,"Efficiency":1.0,"Thread_TimeSec":0.002537}
{"EventName":"Core.DDC.Resource","TimestampUTC":1729082802.755000,"RecordId":68,"ProjectName":"DoorsResourcePack","ProjectID":"00000000000000000000000000000000","Session_ID":"{996CE30F-4CF7-47A6-4D01-C3AC3C246044}","Session_Label":"","Session_StartUTC":1729082641.158,"Build_Configuration":"Development","Build_IsInternalBuild":false,"Build_IsPerforceBuild":false,"Build_IsPromotedBuild":true,"Build_BranchName":"++ue5+release-5.4","Build_Changelist":35576357,"Hardware_Platform":"Windows","Hardware_GPU":"","Hardware_CPU":"11th Gen Intel(R) Core(TM) i5-11400F @ 2.60GHz","Hardware_CPU_Cores_Physical":6,"Hardware_CPU_Cores_Logical":12,"Hardware_RAM":34205995008,"Hardware_ComputerName":"DESKTOP-VUFMNFR","Config_IsEditor":true,"Config_IsUnattended":false,"Config_IsBuildMachine":false,"Config_IsRunningCommandlet":false,"Config_IsDebuggerPresent":false,"SchemaVersion":3,"LoadingName":"Hitch","AssetType":"Total","Load_Count":1796,"Load_TimeSec":0.43903,"Load_SizeMB":414.289766,"Build_Count":514,"Build_TimeSec":0.342623,"Build_SizeMB":30.619246,"Total_Count":2310,"Total_TimeSec":0.781653,"Total_SizeMB":444,"Efficiency":0.777489,"Thread_TimeSec":0.511712}
{"EventName":"Core.DDC.Summary","TimestampUTC":1729082802.758000,"RecordId":69,"ProjectName":"DoorsResourcePack","ProjectID":"00000000000000000000000000000000","Session_ID":"{996CE30F-4CF7-47A6-4D01-C3AC3C246044}","Session_Label":"","Session_StartUTC":1729082641.158,"Build_Configuration":"Development","Build_IsInternalBuild":false,"Build_IsPerforceBuild":false,"Build_IsPromotedBuild":true,"Build_BranchName":"++ue5+release-5.4","Build_Changelist":35576357,"Hardware_Platform":"Windows","Hardware_GPU":"","Hardware_CPU":"11th Gen Intel(R) Core(TM) i5-11400F @ 2.60GHz","Hardware_CPU_Cores_Physical":6,"Hardware_CPU_Cores_Logical":12,"Hardware_RAM":34205995008,"Hardware_ComputerName":"DESKTOP-VUFMNFR","Config_IsEditor":true,"Config_IsUnattended":false,"Config_IsBuildMachine":false,"Config_IsRunningCommandlet":false,"Config_IsDebuggerPresent":false,"SchemaVersion":3,"LoadingName":"Hitch","BackEnd":"InstalledDerivedDataBackendGraph","HasLocalCache":"true","HasSharedCache":"false","HasCloudCache":"false","HasZenCache":"true","TotalGetHits":2504.0,"TotalGetMisses":112.0,"TotalGets":2616.0,"TotalGetHitPct":0.957187,"GetMissPct":0.042813,"TotalPutHits":109.0,"TotalPutMisses":0.0,"TotalPuts":109.0,"TotalPutHitPct":1.0,"PutMissPct":0.0,"LocalGetHits":0.0,"LocalGetTotal":0.0,"LocalGetHitPct":0.0,"SharedGetHits":0.0,"SharedGetTotal":0.0,"SharedGetHitPct":0.0,"ZenLocalGetHits":929.0,"ZenLocalGetTotal":1041.0,"ZenLocalGetHitPct":0.892411,"ZenRemoteGetHits":0.0,"ZenRemoteGetTotal":0.0,"ZenRemoteGetHitPct":0.0,"CloudGetHits":0.0,"CloudGetTotal":0.0,"CloudGetHitPct":0.0,"LocalLatency":0.0,"LocalReadSpeed":0.0,"LocalWriteSpeed":0.0,"SharedLatency":0.0,"SharedReadSpeed":0.0,"SharedWriteSpeed":0.0,"CloudLatency":0.0,"CloudReadSpeed":0.0,"CloudWriteSpeed":0.0}
{"EventName":"Core.Zen","TimestampUTC":1729082802.760000,"RecordId":70,"ProjectName":"DoorsResourcePack","ProjectID":"00000000000000000000000000000000","Session_ID":"{996CE30F-4CF7-47A6-4D01-C3AC3C246044}","Session_Label":"","Session_StartUTC":1729082641.158,"Build_Configuration":"Development","Build_IsInternalBuild":false,"Build_IsPerforceBuild":false,"Build_IsPromotedBuild":true,"Build_BranchName":"++ue5+release-5.4","Build_Changelist":35576357,"Hardware_Platform":"Windows","Hardware_GPU":"","Hardware_CPU":"11th Gen Intel(R) Core(TM) i5-11400F @ 2.60GHz","Hardware_CPU_Cores_Physical":6,"Hardware_CPU_Cores_Logical":12,"Hardware_RAM":34205995008,"Hardware_ComputerName":"DESKTOP-VUFMNFR","Config_IsEditor":true,"Config_IsUnattended":false,"Config_IsBuildMachine":false,"Config_IsRunningCommandlet":false,"Config_IsDebuggerPresent":false,"SchemaVersion":1,"LoadingName":"Hitch","Zen_Enabled":true,"Zen_Cache_Size_Disk":994001449.0,"Zen_Cache_Size_Memory":34328.0,"Zen_Cache_Hits":712,"Zen_Cache_Misses":6,"Zen_Cache_Writes":106,"Zen_Cache_HitRatio":0.991643,"Zen_Cache_Cas_Hits":453,"Zen_Cache_Cas_Misses":0,"Zen_Cache_Cas_Writes":0,"Zen_Cache_Requests":463,"Zen_Cache_BadRequests":0,"Zen_Cache_Requests_Count":463,"Zen_Cache_Requests_RateMean":53.993873,"Zen_Cache_Requests_TAverage":0.000257,"Zen_Cache_Requests_TMin":0.000013,"Zen_Cache_Requests_TMax":0.004133,"Zen_Cache_TotalUploadedMB":0.0,"Zen_Upstream_TotalDownloadedMB":0.0,"Zen_Upstream_TotalUploadedMB":0.0,"Zen_Upstream_Requests_Count":0,"Zen_Upstream_Requests_RateMean":0.0,"Zen_Upstream_Requests_TAverage":0.0,"Zen_Upstream_Requests_TMin":0.0,"Zen_Upstream_Requests_TMax":0.0,"Zen_Cas_Size_Large":2443554,"Zen_Cas_Size_Small":281323397,"Zen_Cas_Size_Tiny":299006,"Zen_Cas_Size_Total":284065957,"Zen_Project_Size_Disk":0.0,"Zen_Project_Size_Memory":0.0,"Zen_Project_WriteCount":0,"Zen_Project_ReadCount":0,"Zen_Project_DeleteCount":0,"Zen_Project_Oplog_WriteCount":0,"Zen_Project_Oplog_ReadCount":0,"Zen_Project_Oplog_DeleteCount":0,"Zen_Project_Op_Hits":0,"Zen_Project_Op_Misses":0,"Zen_Project_Op_Writes":0,"Zen_Project_Chunk_Hits":0,"Zen_Project_Chunk_Misses":0,"Zen_Project_Chunk_Writes":0,"Zen_Project_Requests":0,"Zen_Project_BadRequests":0,"Zen_Project_Op_HitRatio":0.0,"Zen_Project_Chunk_HitRatio":0.0}
{"EventName":"Span","TimestampUTC":1729082803.613000,"RecordId":71,"ProjectName":"DoorsResourcePack","ProjectID":"00000000000000000000000000000000","Session_ID":"{996CE30F-4CF7-47A6-4D01-C3AC3C246044}","Session_Label":"","Session_StartUTC":1729082641.158,"Build_Configuration":"Development","Build_IsInternalBuild":false,"Build_IsPerforceBuild":false,"Build_IsPromotedBuild":true,"Build_BranchName":"++ue5+release-5.4","Build_Changelist":35576357,"Hardware_Platform":"Windows","Hardware_GPU":"","Hardware_CPU":"11th Gen Intel(R) Core(TM) i5-11400F @ 2.60GHz","Hardware_CPU_Cores_Physical":6,"Hardware_CPU_Cores_Logical":12,"Hardware_RAM":34205995008,"Hardware_ComputerName":"DESKTOP-VUFMNFR","Config_IsEditor":true,"Config_IsUnattended":false,"Config_IsBuildMachine":false,"Config_IsRunningCommandlet":false,"Config_IsDebuggerPresent":false,"SchemaVersion":1,"Span_Name":"Session","Span_GUID":"E6E55A114506682097A997A0C0433E04","Span_ParentName":"","Span_ThreadId":19052,"Span_Depth":0,"Span_StartUTC":1729082641.16,"Span_EndUTC":1729082803.613,"Span_TimeInSec":162.453}
{"EventName":"Span","TimestampUTC":1729082803.615000,"RecordId":72,"ProjectName":"DoorsResourcePack","ProjectID":"00000000000000000000000000000000","Session_ID":"{996CE30F-4CF7-47A6-4D01-C3AC3C246044}","Session_Label":"","Session_StartUTC":1729082641.158,"Build_Configuration":"Development","Build_IsInternalBuild":false,"Build_IsPerforceBuild":false,"Build_IsPromotedBuild":true,"Build_BranchName":"++ue5+release-5.4","Build_Changelist":35576357,"Hardware_Platform":"Windows","Hardware_GPU":"","Hardware_CPU":"11th Gen Intel(R) Core(TM) i5-11400F @ 2.60GHz","Hardware_CPU_Cores_Physical":6,"Hardware_CPU_Cores_Logical":12,"Hardware_RAM":34205995008,"Hardware_ComputerName":"DESKTOP-VUFMNFR","Config_IsEditor":true,"Config_IsUnattended":false,"Config_IsBuildMachine":false,"Config_IsRunningCommandlet":false,"Config_IsDebuggerPresent":false,"MapName":"OpenWorld","SchemaVersion":1,"Span_Name":"Editor","Span_GUID":"B58501F641914A7704C329A7A79A7B04","Span_ParentName":"Session","Span_ThreadId":19052,"Span_Depth":1,"Span_StartUTC":1729082641.161,"Span_EndUTC":1729082803.615,"Span_TimeInSec":162.454}
{"EventName":"Span","TimestampUTC":1729082803.618000,"RecordId":73,"ProjectName":"DoorsResourcePack","ProjectID":"00000000000000000000000000000000","Session_ID":"{996CE30F-4CF7-47A6-4D01-C3AC3C246044}","Session_Label":"","Session_StartUTC":1729082641.158,"Build_Configuration":"Development","Build_IsInternalBuild":false,"Build_IsPerforceBuild":false,"Build_IsPromotedBuild":true,"Build_BranchName":"++ue5+release-5.4","Build_Changelist":35576357,"Hardware_Platform":"Windows","Hardware_GPU":"","Hardware_CPU":"11th Gen Intel(R) Core(TM) i5-11400F @ 2.60GHz","Hardware_CPU_Cores_Physical":6,"Hardware_CPU_Cores_Logical":12,"Hardware_RAM":34205995008,"Hardware_ComputerName":"DESKTOP-VUFMNFR","Config_IsEditor":true,"Config_IsUnattended":false,"Config_IsBuildMachine":false,"Config_IsRunningCommandlet":false,"Config_IsDebuggerPresent":false,"MapName":"OpenWorld","SchemaVersion":1,"Span_Name":"Editor.Interact","Span_GUID":"CF135A2B4713744EE5A97CA2069AACCF","Span_ParentName":"Editor","Span_ThreadId":19052,"Span_Depth":2,"Span_StartUTC":1729082651.688,"Span_EndUTC":1729082803.618,"Span_TimeInSec":151.93}
{"EventName":"EndSession","TimestampUTC":1729082803.620000,"RecordId":74,"ProjectName":"DoorsResourcePack","ProjectID":"00000000000000000000000000000000","Session_ID":"{996CE30F-4CF7-47A6-4D01-C3AC3C246044}","Session_Label":"","Session_StartUTC":1729082641.158,"Build_Configuration":"Development","Build_IsInternalBuild":false,"Build_IsPerforceBuild":false,"Build_IsPromotedBuild":true,"Build_BranchName":"++ue5+release-5.4","Build_Changelist":35576357,"Hardware_Platform":"Windows","Hardware_GPU":"","Hardware_CPU":"11th Gen Intel(R) Core(TM) i5-11400F @ 2.60GHz","Hardware_CPU_Cores_Physical":6,"Hardware_CPU_Cores_Logical":12,"Hardware_RAM":34205995008,"Hardware_ComputerName":"DESKTOP-VUFMNFR","Config_IsEditor":true,"Config_IsUnattended":false,"Config_IsBuildMachine":false,"Config_IsRunningCommandlet":false,"Config_IsDebuggerPresent":false}
